Fruit,Year,Month,Quantity (number of boxes),Revenue,SalesPerson
Apple,2008,January,566,"$33,904",Jane
Apple,2008,February,888,"$8,319",Henry
Apple,2008,March,135,"$24,125",Tom
Apple,2008,April,419,"$33,859",Susan
Apple,2008,May,757,"$31,315",Jane
Apple,2008,June,869,"$43,094",Henry
Apple,2008,July,304,"$41,042",Tom
Apple,2008,August,420,"$33,404",Tom
Apple,2008,September,459,"$15,104",Henry
Apple,2008,October,620,"$15,934",Jane
Apple,2008,November,712,"$8,810",Tom
Apple,2008,December,970,"$49,714",Henry
Apple,2009,January,610,"$5,569",Jane
Apple,2009,February,411,"$29,208",Henry
Apple,2009,March,606,"$6,214",Susan
Apple,2009,April,425,"$34,948",Jane
Apple,2009,May,676,"$17,549",Susan
Apple,2009,June,868,"$16,035",Henry
Apple,2009,July,888,"$46,398",Jane
Apple,2009,August,152,"$30,657",Henry
Apple,2009,September,371,"$32,176",Henry
Apple,2009,October,294,"$22,245",Jane
Apple,2009,November,608,"$38,545",Tom
Apple,2009,December,965,"$11,874",Jane
Apricots,2008,January,518,"$48,717",Jane
Apricots,2008,February,599,"$33,600",Susan
Apricots,2008,March,344,"$5,984",Jane
Apricots,2008,April,831,"$43,878",Jane
Apricots,2008,May,453,"$10,752",Henry
Apricots,2008,June,984,"$23,147",Susan
Apricots,2008,July,689,"$42,107",Tom
Apricots,2008,August,171,"$46,772",Tom
Apricots,2008,September,902,"$32,313",Susan
Apricots,2008,October,716,"$41,560",Tom
Apricots,2008,November,852,"$5,142",Henry
Apricots,2008,December,523,"$11,303",Susan
Apricots,2009,January,847,"$14,089",Tom
Apricots,2009,February,279,"$39,017",Jane
Apricots,2009,March,721,"$22,144",Henry
Apricots,2009,April,929,"$16,986",Tom
Apricots,2009,May,810,"$9,945",Jane
Apricots,2009,June,311,"$25,253",Henry
Apricots,2009,July,832,"$29,841",Susan
Apricots,2009,August,592,"$15,489",Henry
Apricots,2009,September,263,"$38,459",Henry
Apricots,2009,October,886,"$40,303",Jane
Apricots,2009,November,290,"$28,480",Susan
Apricots,2009,December,358,"$21,871",Tom
Bananas,2008,January,876,"$33,655",Henry
Bananas,2008,February,365,"$6,954",Henry
Bananas,2008,March,681,"$38,864",Henry
Bananas,2008,April,403,"$39,177",Susan
Bananas,2008,May,369,"$45,649",Henry
Bananas,2008,June,362,"$13,405",Jane
Bananas,2008,July,847,"$28,044",Tom
Bananas,2008,August,543,"$41,339",Susan
Bananas,2008,September,890,"$44,670",Susan
Bananas,2008,October,515,"$15,198",Jane
Bananas,2008,November,557,"$46,162",Susan
Bananas,2008,December,191,"$35,625",Henry
Bananas,2009,January,792,"$48,407",Tom
Bananas,2009,February,838,"$10,639",Henry
Bananas,2009,March,594,"$24,905",Tom
Bananas,2009,April,970,"$13,798",Susan
Bananas,2009,May,579,"$27,350",Susan
Bananas,2009,June,541,"$45,970",Jane
Bananas,2009,July,754,"$39,640",Henry
Bananas,2009,August,315,"$35,226",Tom
Bananas,2009,September,968,"$33,068",Henry
Bananas,2009,October,1000,"$17,830",Jane
Bananas,2009,November,830,"$48,146",Henry
Bananas,2009,December,816,"$22,452",Jane
Bananas,2009,December,816,"$22,452",Jane
Cherries,2008,January,103,"$6,842",Susan
Cherries,2008,February,189,"$35,847",Henry
Cherries,2008,March,977,"$7,208",Henry
Cherries,2008,April,735,"$13,384",Tom
Cherries,2008,May,864,"$41,294",Jane
Cherries,2008,June,680,"$41,737",Tom
Cherries,2008,July,324,"$37,614",Henry
Cherries,2008,August,634,"$38,151",Henry
Cherries,2008,September,616,"$23,628",Jane
Cherries,2008,October,999,"$36,571",Jane
Cherries,2008,November,803,"$12,792",Jane
Cherries,2008,December,134,"$11,620",Jane
Cherries,2009,January,650,"$23,143",Henry
Cherries,2009,February,880,"$27,441",Jane
Cherries,2009,March,438,"$33,978",Jane
Cherries,2009,April,619,"$34,991",Susan
Cherries,2009,May,367,"$32,903",Susan
Cherries,2009,June,914,"$5,686",Jane
Cherries,2009,July,829,"$41,864",Jane
Cherries,2009,August,894,"$25,873",Tom
Cherries,2009,September,558,"$30,714",Jane
Cherries,2009,October,919,"$22,997",Tom
Cherries,2009,November,234,"$41,361",Susan
Cherries,2009,December,803,"$47,894",Jane
Figs,2008,January,187,"$7,229",Susan
Figs,2008,February,461,"$23,255",Tom
Figs,2008,March,706,"$46,101",Henry
Figs,2008,April,595,"$26,879",Henry
Figs,2008,May,965,"$47,384",Susan
Figs,2008,June,634,"$10,067",Tom
Figs,2008,July,997,"$15,842",Susan
Figs,2008,August,973,"$31,703",Tom
Figs,2008,September,464,"$22,100",Henry
Figs,2008,October,973,"$47,573",Tom
Figs,2008,November,171,"$49,875",Henry
Figs,2008,December,392,"$8,426",Susan
Figs,2009,January,604,"$40,769",Jane
Figs,2009,February,850,"$17,273",Henry
Figs,2009,March,863,"$7,741",Henry
Figs,2009,April,117,"$17,066",Jane
Figs,2009,May,498,"$20,637",Susan
Figs,2009,June,141,"$34,938",Susan
Figs,2009,July,227,"$5,494",Tom
Figs,2009,August,479,"$9,093",Tom
Figs,2009,September,267,"$24,658",Susan
Figs,2009,October,649,"$36,637",Henry
Figs,2009,November,754,"$48,612",Susan
Figs,2009,December,668,"$17,045",Tom
Grapefruit,2008,January,746,"$11,351",Susan
Grapefruit,2008,February,958,"$47,114",Susan
Grapefruit,2008,March,243,"$40,890",Jane
Grapefruit,2008,April,780,"$20,158",Susan
Grapefruit,2008,May,274,"$36,370",Henry
Grapefruit,2008,June,279,"$14,219",Susan
Grapefruit,2008,July,724,"$6,176",Tom
Grapefruit,2008,August,759,"$42,883",Henry
Grapefruit,2008,September,189,"$49,059",Jane
Grapefruit,2008,October,508,"$24,649",Tom
Grapefruit,2008,November,560,"$48,816",Jane
Grapefruit,2008,December,312,"$8,833",Henry
Grapefruit,2009,January,344,"$36,428",Tom
Grapefruit,2009,February,873,"$16,609",Susan
Grapefruit,2009,March,258,"$40,489",Henry
Grapefruit,2009,April,392,"$8,882",Tom
Grapefruit,2009,May,492,"$30,922",Susan
Grapefruit,2009,June,982,"$6,759",Henry
Grapefruit,2009,July,678,"$14,762",Henry
Grapefruit,2009,August,225,"$6,691",Tom
Grapefruit,2009,September,708,"$38,243",Henry
Grapefruit,2009,October,130,"$8,746",Henry
Grapefruit,2009,November,677,"$25,434",Henry
Grapefruit,2009,December,856,"$24,896",Henry
Grapefruit,2009,December,856,"$24,896",Henry
Grapefruit,2009,January,344,"$36,428",Tom
Grapefruit,2009,January,344,"$36,428",Tom
Grapefruit,2009,June,952,"$18,248",Henry
Kiwi,2008,January,604,"$21,154",Susan
Kiwi,2008,March,218,"$37,505",Tom
Kiwi,2008,April,157,"$37,805",Henry
Kiwi,2008,May,206,"$11,716",Tom
Kiwi,2008,June,291,"$19,614",Jane
Kiwi,2008,July,643,"$10,299",Jane
Kiwi,2008,August,382,"$14,385",Susan
Kiwi,2008,September,467,"$24,306",Susan
Kiwi,2008,October,846,"$11,887",Tom
Kiwi,2008,November,445,"$28,815",Jane
Kiwi,2008,December,512,"$32,984",Jane
Kiwi,2009,January,258,"$36,242",Susan
Kiwi,2009,February,968,"$5,756",Henry
Kiwi,2009,March,497,"$45,676",Jane
Kiwi,2009,April,287,"$27,253",Susan
Kiwi,2009,May,316,"$35,356",Susan
Kiwi,2009,June,797,"$21,662",Tom
Kiwi,2009,July,350,"$14,319",Jane
Kiwi,2009,August,631,"$43,390",Tom
Kiwi,2009,September,932,"$40,563",Susan
Kiwi,2009,October,100,"$44,529",Susan
Kiwi,2009,November,227,"$15,381",Jane
Kiwi,2009,December,370,"$24,287",Susan
Lemons,2008,January,200,"$12,656",Susan
Lemons,2008,February,235,"$44,150",Henry
Lemons,2008,March,835,"$20,465",Jane
Lemons,2008,April,153,"$36,666",Henry
Lemons,2008,May,720,"$32,770",Henry
Lemons,2008,June,807,"$17,904",Jane
Lemons,2008,July,526,"$14,157",Henry
Lemons,2008,August,994,"$27,177",Susan
Lemons,2008,September,873,"$24,680",Susan
Lemons,2008,October,124,"$41,987",Jane
Lemons,2008,November,490,"$25,837",Jane
Lemons,2008,December,111,"$32,610",Tom
Lemons,2009,January,375,"$39,350",Tom
Lemons,2009,February,261,"$28,309",Henry
Lemons,2009,March,471,"$5,588",Henry
Lemons,2009,April,190,"$28,360",Tom
Lemons,2009,May,620,"$45,627",Jane
Lemons,2009,June,787,"$39,776",Susan
Lemons,2009,July,740,"$18,995",Susan
Lemons,2009,August,802,"$23,948",Susan
Lemons,2009,September,808,"$27,936",Jane
Lemons,2009,October,688,"$5,836",Henry
Lemons,2009,November,804,"$26,591",Jane
Lemons,2009,December,591,"$41,360",Tom
Apple,2010,January,579,$40530,Jane
Apple,2010,January,839,$24331,Henry
Apple,2010,January,161,$12719,Tom
Apple,2010,January,129,$9933,Susan
Apricots,2010,January,876,$63948,Jane
Apricots,2010,January,590,$36580,Henry
Apricots,2010,January,720,$46080,Tom
Apricots,2010,January,922,$56242,Susan
Bananas,2010,January,852,$59640,Jane
Bananas,2010,January,223,$5575,Henry
Bananas,2010,January,596,$32780,Tom
Bananas,2010,January,573,$40110,Susan
Cherries,2010,January,590,$36580,Jane
Cherries,2010,January,817,$57190,Henry
Cherries,2010,January,278,$18626,Tom
Cherries,2010,January,939,$26292,Susan
Figs,2010,January,937,$51535,Jane
Figs,2010,January,469,$26264,Henry
Figs,2010,January,265,$8215,Tom
Figs,2010,January,603,$15678,Susan
Grapefruit,2010,January,611,$39715,Jane
Grapefruit,2010,January,305,$7015,Henry
Grapefruit,2010,January,435,$10875,Tom
Grapefruit,2010,January,217,$6727,Susan
Kiwi,2010,January,408,$13464,Jane
Kiwi,2010,January,691,$33859,Henry
Kiwi,2010,January,508,$21844,Tom
Kiwi,2010,January,569,$35847,Susan
Lemons,2010,January,929,$33444,Jane
Lemons,2010,January,902,$60434,Henry
Lemons,2010,January,635,$17145,Tom
Lemons,2010,January,535,$13910,Susan
Apple,2010,February,576,$27072,Jane
Apple,2010,February,496,$38688,Henry
Apple,2010,February,816,$49776,Tom
Apple,2010,February,198,$4950,Susan
Apricots,2010,February,991,$62433,Jane
Apricots,2010,February,991,$60451,Henry
Apricots,2010,February,540,$12960,Tom
Apricots,2010,February,342,$14706,Susan
Bananas,2010,February,755,$24160,Jane
Bananas,2010,February,593,$26685,Henry
Bananas,2010,February,810,$55890,Tom
Bananas,2010,February,855,$53010,Susan
Cherries,2010,February,121,$8712,Jane
Cherries,2010,February,630,$16380,Henry
Cherries,2010,February,510,$14280,Tom
Cherries,2010,February,114,$5928,Susan
Figs,2010,February,208,$7904,Jane
Figs,2010,February,763,$51121,Henry
Figs,2010,February,593,$18383,Tom
Figs,2010,February,349,$15007,Susan
Grapefruit,2010,February,841,$52983,Jane
Grapefruit,2010,February,255,$14025,Henry
Grapefruit,2010,February,993,$66531,Tom
Grapefruit,2010,February,790,$26070,Susan
Kiwi,2010,February,791,$17402,Jane
Kiwi,2010,February,390,$8970,Henry
Kiwi,2010,February,938,$42210,Tom
Kiwi,2010,February,294,$9408,Susan
Lemons,2010,February,126,$3528,Jane
Lemons,2010,February,602,$34916,Henry
Lemons,2010,February,922,$18440,Tom
Lemons,2010,February,783,$57942,Susan
Apple,2010,March,733,$48378,Jane
Apple,2010,March,590,$40710,Henry
Apple,2010,March,824,$18952,Tom
Apple,2010,March,461,$33653,Susan
Apricots,2010,March,572,$40612,Jane
Apricots,2010,March,338,$21294,Henry
Apricots,2010,March,321,$23754,Tom
Apricots,2010,March,151,$11929,Susan
Bananas,2010,March,693,$16632,Jane
Bananas,2010,March,913,$34694,Henry
Bananas,2010,March,859,$31783,Tom
Bananas,2010,March,398,$29850,Susan
Cherries,2010,March,560,$42000,Jane
Cherries,2010,March,732,$54168,Henry
Cherries,2010,March,955,$42020,Tom
Cherries,2010,March,706,$17650,Susan
Figs,2010,March,474,$24174,Jane
Figs,2010,March,625,$48125,Henry
Figs,2010,March,844,$64988,Tom
Figs,2010,March,983,$28507,Susan
Grapefruit,2010,March,704,$55616,Jane
Grapefruit,2010,March,731,$57018,Henry
Grapefruit,2010,March,808,$38784,Tom
Grapefruit,2010,March,142,$5396,Susan
Kiwi,2010,March,315,$22050,Jane
Kiwi,2010,March,437,$19665,Henry
Kiwi,2010,March,540,$35640,Tom
Kiwi,2010,March,204,$7752,Susan
Lemons,2010,March,706,$18356,Jane
Lemons,2010,March,733,$19058,Henry
Lemons,2010,March,840,$18480,Tom
Lemons,2010,March,914,$66722,Susan
Apple,2010,April,271,$20325,Jane
Apple,2010,April,251,$9789,Henry
Apple,2010,April,867,$58089,Tom
Apple,2010,April,498,$37350,Susan
Apricots,2010,April,397,$16674,Jane
Apricots,2010,April,773,$58748,Henry
Apricots,2010,April,875,$24500,Tom
Apricots,2010,April,746,$25364,Susan
Bananas,2010,April,579,$23160,Jane
Bananas,2010,April,475,$21375,Henry
Bananas,2010,April,253,$10373,Tom
Bananas,2010,April,314,$6280,Susan
Cherries,2010,April,769,$32298,Jane
Cherries,2010,April,235,$14570,Henry
Cherries,2010,April,769,$36143,Tom
Cherries,2010,April,676,$18928,Susan
Figs,2010,April,117,$7839,Jane
Figs,2010,April,934,$23350,Henry
Figs,2010,April,601,$35459,Tom
Figs,2010,April,546,$25116,Susan
Grapefruit,2010,April,658,$30926,Jane
Grapefruit,2010,April,340,$11220,Henry
Grapefruit,2010,April,282,$7050,Tom
Grapefruit,2010,April,213,$8946,Susan
Kiwi,2010,April,662,$38396,Jane
Kiwi,2010,April,690,$16560,Henry
Kiwi,2010,April,912,$62016,Tom
Kiwi,2010,April,855,$35910,Susan
Lemons,2010,April,423,$31725,Jane
Lemons,2010,April,618,$38316,Henry
Lemons,2010,April,445,$16910,Tom
Lemons,2010,April,643,$20576,Susan
Apple,2010,May,308,$12936,Jane
Apple,2010,May,663,$46410,Henry
Apple,2010,May,308,$16632,Tom
Apple,2010,May,767,$57525,Susan
Apricots,2010,May,208,$15808,Jane
Apricots,2010,May,528,$38544,Henry
Apricots,2010,May,260,$10140,Tom
Apricots,2010,May,716,$46540,Susan
Bananas,2010,May,545,$13080,Jane
Bananas,2010,May,689,$44096,Henry
Bananas,2010,May,704,$37312,Tom
Bananas,2010,May,874,$18354,Susan
Cherries,2010,May,758,$31078,Jane
Cherries,2010,May,660,$34980,Henry
Cherries,2010,May,246,$15006,Tom
Cherries,2010,May,217,$11501,Susan
Figs,2010,May,415,$19090,Jane
Figs,2010,May,318,$11448,Henry
Figs,2010,May,447,$15198,Tom
Figs,2010,May,996,$46812,Susan
Grapefruit,2010,May,356,$7832,Jane
Grapefruit,2010,May,603,$24120,Henry
Grapefruit,2010,May,542,$23848,Tom
Grapefruit,2010,May,462,$19404,Susan
Kiwi,2010,May,813,$21138,Jane
Kiwi,2010,May,946,$71896,Henry
Kiwi,2010,May,746,$30586,Tom
Kiwi,2010,May,382,$18718,Susan
Lemons,2010,May,484,$23716,Jane
Lemons,2010,May,331,$18205,Henry
Lemons,2010,May,134,$7236,Tom
Lemons,2010,May,906,$38052,Susan
Apple,2010,June,970,$67900,Jane
Apple,2010,June,348,$25752,Henry
Apple,2010,June,323,$7429,Tom
Apple,2010,June,878,$25462,Susan
Apricots,2010,June,173,$13148,Jane
Apricots,2010,June,514,$11822,Henry
Apricots,2010,June,423,$21996,Tom
Apricots,2010,June,366,$16836,Susan
Bananas,2010,June,225,$9000,Jane
Bananas,2010,June,809,$62293,Henry
Bananas,2010,June,546,$42588,Tom
Bananas,2010,June,661,$49575,Susan
Cherries,2010,June,492,$34932,Jane
Cherries,2010,June,557,$18938,Henry
Cherries,2010,June,650,$29250,Tom
Cherries,2010,June,699,$27261,Susan
Figs,2010,June,414,$11592,Jane
Figs,2010,June,471,$18369,Henry
Figs,2010,June,914,$33818,Tom
Figs,2010,June,387,$18963,Susan
Grapefruit,2010,June,340,$17680,Jane
Grapefruit,2010,June,721,$51191,Henry
Grapefruit,2010,June,720,$21600,Tom
Grapefruit,2010,June,871,$25259,Susan
Kiwi,2010,June,294,$9702,Jane
Kiwi,2010,June,486,$24786,Henry
Kiwi,2010,June,370,$18500,Tom
Kiwi,2010,June,701,$29442,Susan
Lemons,2010,June,349,$10819,Jane
Lemons,2010,June,554,$28254,Henry
Lemons,2010,June,772,$49408,Tom
Lemons,2010,June,353,$10237,Susan
Apple,2010,July,798,$47082,Jane
Apple,2010,July,371,$8162,Henry
Apple,2010,July,534,$14418,Tom
Apple,2010,July,412,$29252,Susan
Apricots,2010,July,671,$16775,Jane
Apricots,2010,July,151,$10721,Henry
Apricots,2010,July,871,$45292,Tom
Apricots,2010,July,617,$27765,Susan
Bananas,2010,July,340,$19380,Jane
Bananas,2010,July,944,$60416,Henry
Bananas,2010,July,563,$16890,Tom
Bananas,2010,July,238,$11662,Susan
Cherries,2010,July,427,$10248,Jane
Cherries,2010,July,732,$31476,Henry
Cherries,2010,July,542,$15176,Tom
Cherries,2010,July,737,$16214,Susan
Figs,2010,July,968,$23232,Jane
Figs,2010,July,211,$15614,Henry
Figs,2010,July,547,$22427,Tom
Figs,2010,July,357,$18207,Susan
Grapefruit,2010,July,822,$57540,Jane
Grapefruit,2010,July,642,$35952,Henry
Grapefruit,2010,July,175,$5775,Tom
Grapefruit,2010,July,995,$74625,Susan
Kiwi,2010,July,789,$55230,Jane
Kiwi,2010,July,970,$41710,Henry
Kiwi,2010,July,902,$49610,Tom
Kiwi,2010,July,882,$35280,Susan
Lemons,2010,July,347,$22208,Jane
Lemons,2010,July,209,$15466,Henry
Lemons,2010,July,363,$15609,Tom
Lemons,2010,July,410,$30340,Susan
Apple,2010,August,542,$36856,Jane
Apple,2010,August,926,$48152,Henry
Apple,2010,August,150,$6600,Tom
Apple,2010,August,972,$70956,Susan
Apricots,2010,August,480,$20160,Jane
Apricots,2010,August,152,$5016,Henry
Apricots,2010,August,339,$20679,Tom
Apricots,2010,August,455,$31395,Susan
Bananas,2010,August,681,$47670,Jane
Bananas,2010,August,414,$22356,Henry
Bananas,2010,August,243,$14580,Tom
Bananas,2010,August,636,$12720,Susan
Cherries,2010,August,426,$12354,Jane
Cherries,2010,August,831,$41550,Henry
Cherries,2010,August,894,$17880,Tom
Cherries,2010,August,644,$18032,Susan
Figs,2010,August,813,$49593,Jane
Figs,2010,August,365,$19710,Henry
Figs,2010,August,719,$53206,Tom
Figs,2010,August,228,$8664,Susan
Grapefruit,2010,August,967,$23208,Jane
Grapefruit,2010,August,526,$28930,Henry
Grapefruit,2010,August,779,$47519,Tom
Grapefruit,2010,August,682,$38192,Susan
Kiwi,2010,August,864,$57024,Jane
Kiwi,2010,August,308,$20020,Henry
Kiwi,2010,August,582,$22116,Tom
Kiwi,2010,August,190,$8740,Susan
Lemons,2010,August,653,$18937,Jane
Lemons,2010,August,143,$4004,Henry
Lemons,2010,August,930,$72540,Tom
Lemons,2010,August,451,$16236,Susan
Apple,2010,September,139,$3892,Jane
Apple,2010,September,117,$5967,Henry
Apple,2010,September,659,$34268,Tom
Apple,2010,September,218,$8284,Susan
Apricots,2010,September,539,$41503,Jane
Apricots,2010,September,467,$17746,Henry
Apricots,2010,September,596,$28012,Tom
Apricots,2010,September,685,$36305,Susan
Bananas,2010,September,713,$39928,Jane
Bananas,2010,September,999,$63936,Henry
Bananas,2010,September,199,$11741,Tom
Bananas,2010,September,673,$32977,Susan
Cherries,2010,September,934,$33624,Jane
Cherries,2010,September,603,$29547,Henry
Cherries,2010,September,795,$52470,Tom
Cherries,2010,September,129,$8901,Susan
Figs,2010,September,146,$10512,Jane
Figs,2010,September,856,$34240,Henry
Figs,2010,September,253,$5313,Tom
Figs,2010,September,729,$28431,Susan
Grapefruit,2010,September,437,$14421,Jane
Grapefruit,2010,September,580,$41180,Henry
Grapefruit,2010,September,498,$39342,Tom
Grapefruit,2010,September,223,$7136,Susan
Kiwi,2010,September,371,$28567,Jane
Kiwi,2010,September,913,$33781,Henry
Kiwi,2010,September,728,$34944,Tom
Kiwi,2010,September,460,$22540,Susan
Lemons,2010,September,315,$9765,Jane
Lemons,2010,September,462,$24948,Henry
Lemons,2010,September,347,$10410,Tom
Lemons,2010,September,919,$38598,Susan
Apple,2010,October,652,$39120,Jane
Apple,2010,October,572,$42900,Henry
Apple,2010,October,898,$44002,Tom
Apple,2010,October,241,$17834,Susan
Apricots,2010,October,714,$42840,Jane
Apricots,2010,October,743,$48295,Henry
Apricots,2010,October,137,$7946,Tom
Apricots,2010,October,869,$36498,Susan
Bananas,2010,October,941,$64929,Jane
Bananas,2010,October,277,$6094,Henry
Bananas,2010,October,228,$10032,Tom
Bananas,2010,October,153,$8262,Susan
Cherries,2010,October,683,$49176,Jane
Cherries,2010,October,377,$26767,Henry
Cherries,2010,October,779,$61541,Tom
Cherries,2010,October,432,$26784,Susan
Figs,2010,October,305,$10675,Jane
Figs,2010,October,538,$23134,Henry
Figs,2010,October,826,$18172,Tom
Figs,2010,October,519,$14013,Susan
Grapefruit,2010,October,487,$34577,Jane
Grapefruit,2010,October,341,$21824,Henry
Grapefruit,2010,October,671,$23485,Tom
Grapefruit,2010,October,422,$14348,Susan
Kiwi,2010,October,647,$46584,Jane
Kiwi,2010,October,417,$31275,Henry
Kiwi,2010,October,218,$7848,Tom
Kiwi,2010,October,361,$19494,Susan
Lemons,2010,October,107,$5564,Jane
Lemons,2010,October,759,$56166,Henry
Lemons,2010,October,985,$65010,Tom
Lemons,2010,October,819,$36036,Susan
Apple,2010,November,971,$66999,Jane
Apple,2010,November,133,$4788,Henry
Apple,2010,November,422,$21100,Tom
Apple,2010,November,661,$49575,Susan
Apricots,2010,November,102,$3978,Jane
Apricots,2010,November,148,$10952,Henry
Apricots,2010,November,460,$20240,Tom
Apricots,2010,November,289,$19941,Susan
Bananas,2010,November,868,$48608,Jane
Bananas,2010,November,607,$21852,Henry
Bananas,2010,November,325,$20800,Tom
Bananas,2010,November,335,$24790,Susan
Cherries,2010,November,601,$42070,Jane
Cherries,2010,November,475,$14725,Henry
Cherries,2010,November,833,$38318,Tom
Cherries,2010,November,972,$33048,Susan
Figs,2010,November,784,$25088,Jane
Figs,2010,November,167,$10855,Henry
Figs,2010,November,103,$4944,Tom
Figs,2010,November,892,$66008,Susan
Grapefruit,2010,November,929,$40876,Jane
Grapefruit,2010,November,376,$28952,Henry
Grapefruit,2010,November,468,$33228,Tom
Grapefruit,2010,November,291,$8439,Susan
Kiwi,2010,November,333,$7992,Jane
Kiwi,2010,November,822,$53430,Henry
Kiwi,2010,November,279,$20088,Tom
Kiwi,2010,November,113,$4859,Susan
Lemons,2010,November,243,$11664,Jane
Lemons,2010,November,884,$25636,Henry
Lemons,2010,November,324,$20412,Tom
Lemons,2010,November,512,$18944,Susan
Apple,2010,December,720,$35280,Jane
Apple,2010,December,384,$11904,Henry
Apple,2010,December,989,$68241,Tom
Apple,2010,December,979,$46992,Susan
Apricots,2010,December,717,$41586,Jane
Apricots,2010,December,589,$23560,Henry
Apricots,2010,December,791,$61698,Tom
Apricots,2010,December,897,$57408,Susan
Bananas,2010,December,343,$24353,Jane
Bananas,2010,December,545,$41420,Henry
Bananas,2010,December,376,$26696,Tom
Bananas,2010,December,700,$32900,Susan
Cherries,2010,December,419,$8380,Jane
Cherries,2010,December,299,$7774,Henry
Cherries,2010,December,436,$22672,Tom
Cherries,2010,December,746,$34316,Susan
Figs,2010,December,141,$10857,Jane
Figs,2010,December,644,$39284,Henry
Figs,2010,December,396,$28512,Tom
Figs,2010,December,892,$47276,Susan
Grapefruit,2010,December,249,$9960,Jane
Grapefruit,2010,December,965,$33775,Henry
Grapefruit,2010,December,945,$65205,Tom
Grapefruit,2010,December,357,$13566,Susan
Kiwi,2010,December,429,$20163,Jane
Kiwi,2010,December,662,$28466,Henry
Kiwi,2010,December,405,$27945,Tom
Kiwi,2010,December,807,$44385,Susan
Lemons,2010,December,714,$25704,Jane
Lemons,2010,December,823,$34566,Henry
Lemons,2010,December,248,$12152,Tom
Lemons,2010,December,579,$44583,Susan
Apple,2011,January,697,$43911,Jane
Apple,2011,January,914,$42044,Henry
Apple,2011,January,588,$15876,Tom
Apple,2011,January,639,$22365,Susan
Apricots,2011,January,862,$47410,Jane
Apricots,2011,January,754,$22620,Henry
Apricots,2011,January,772,$21616,Tom
Apricots,2011,January,773,$47153,Susan
Bananas,2011,January,897,$41262,Jane
Bananas,2011,January,140,$4060,Henry
Bananas,2011,January,126,$4284,Tom
Bananas,2011,January,516,$15996,Susan
Cherries,2011,January,653,$34609,Jane
Cherries,2011,January,406,$15428,Henry
Cherries,2011,January,594,$16632,Tom
Cherries,2011,January,718,$22976,Susan
Figs,2011,January,446,$12488,Jane
Figs,2011,January,755,$46810,Henry
Figs,2011,January,567,$14175,Tom
Figs,2011,January,764,$46604,Susan
Grapefruit,2011,January,465,$20925,Jane
Grapefruit,2011,January,834,$58380,Henry
Grapefruit,2011,January,635,$25400,Tom
Grapefruit,2011,January,945,$36855,Susan
Kiwi,2011,January,839,$30204,Jane
Kiwi,2011,January,571,$41112,Henry
Kiwi,2011,January,196,$5488,Tom
Kiwi,2011,January,183,$10248,Susan
Lemons,2011,January,734,$24956,Jane
Lemons,2011,January,993,$49650,Henry
Lemons,2011,January,779,$52193,Tom
Lemons,2011,January,727,$39985,Susan
Apple,2011,February,676,$15548,Jane
Apple,2011,February,364,$26572,Henry
Apple,2011,February,286,$21164,Tom
Apple,2011,February,497,$28329,Susan
Apricots,2011,February,748,$20944,Jane
Apricots,2011,February,190,$12920,Henry
Apricots,2011,February,646,$50388,Tom
Apricots,2011,February,283,$7358,Susan
Bananas,2011,February,423,$11421,Jane
Bananas,2011,February,186,$14508,Henry
Bananas,2011,February,986,$29580,Tom
Bananas,2011,February,597,$35820,Susan
Cherries,2011,February,115,$8740,Jane
Cherries,2011,February,350,$26950,Henry
Cherries,2011,February,241,$11086,Tom
Cherries,2011,February,466,$25164,Susan
Figs,2011,February,994,$61628,Jane
Figs,2011,February,551,$14877,Henry
Figs,2011,February,522,$25578,Tom
Figs,2011,February,257,$11565,Susan
Grapefruit,2011,February,296,$21312,Jane
Grapefruit,2011,February,651,$20181,Henry
Grapefruit,2011,February,169,$11999,Tom
Grapefruit,2011,February,231,$16632,Susan
Kiwi,2011,February,515,$34505,Jane
Kiwi,2011,February,326,$9128,Henry
Kiwi,2011,February,729,$35721,Tom
Kiwi,2011,February,882,$31752,Susan
Lemons,2011,February,826,$24780,Jane
Lemons,2011,February,607,$43097,Henry
Lemons,2011,February,657,$22338,Tom
Lemons,2011,February,960,$43200,Susan
Apple,2011,March,680,$13600,Jane
Apple,2011,March,135,$2970,Henry
Apple,2011,March,847,$18634,Tom
Apple,2011,March,517,$12925,Susan
Apricots,2011,March,708,$21240,Jane
Apricots,2011,March,478,$14818,Henry
Apricots,2011,March,689,$32383,Tom
Apricots,2011,March,353,$25416,Susan
Bananas,2011,March,801,$51264,Jane
Bananas,2011,March,553,$42581,Henry
Bananas,2011,March,335,$21440,Tom
Bananas,2011,March,689,$48230,Susan
Cherries,2011,March,600,$40200,Jane
Cherries,2011,March,844,$17724,Henry
Cherries,2011,March,292,$17812,Tom
Cherries,2011,March,629,$32079,Susan
Figs,2011,March,941,$18820,Jane
Figs,2011,March,228,$15048,Henry
Figs,2011,March,975,$29250,Tom
Figs,2011,March,124,$8184,Susan
Grapefruit,2011,March,867,$50286,Jane
Grapefruit,2011,March,445,$22250,Henry
Grapefruit,2011,March,448,$17024,Tom
Grapefruit,2011,March,770,$35420,Susan
Kiwi,2011,March,421,$9262,Jane
Kiwi,2011,March,188,$12784,Henry
Kiwi,2011,March,761,$60119,Tom
Kiwi,2011,March,596,$46488,Susan
Lemons,2011,March,748,$16456,Jane
Lemons,2011,March,222,$16650,Henry
Lemons,2011,March,309,$20394,Tom
Lemons,2011,March,422,$18568,Susan
Apple,2011,April,228,$4560,Jane
Apple,2011,April,506,$39974,Henry
Apple,2011,April,259,$16835,Tom
Apple,2011,April,482,$15424,Susan
Apricots,2011,April,611,$29939,Jane
Apricots,2011,April,796,$27860,Henry
Apricots,2011,April,546,$27300,Tom
Apricots,2011,April,896,$65408,Susan
Bananas,2011,April,409,$11043,Jane
Bananas,2011,April,433,$22516,Henry
Bananas,2011,April,271,$18157,Tom
Bananas,2011,April,849,$64524,Susan
Cherries,2011,April,676,$26364,Jane
Cherries,2011,April,699,$32154,Henry
Cherries,2011,April,445,$23140,Tom
Cherries,2011,April,130,$3380,Susan
Figs,2011,April,780,$49920,Jane
Figs,2011,April,876,$24528,Henry
Figs,2011,April,952,$33320,Tom
Figs,2011,April,939,$38499,Susan
Grapefruit,2011,April,978,$39120,Jane
Grapefruit,2011,April,174,$13398,Henry
Grapefruit,2011,April,931,$30723,Tom
Grapefruit,2011,April,370,$14430,Susan
Kiwi,2011,April,248,$10912,Jane
Kiwi,2011,April,927,$52839,Henry
Kiwi,2011,April,623,$26789,Tom
Kiwi,2011,April,440,$29920,Susan
Lemons,2011,April,170,$6800,Jane
Lemons,2011,April,761,$57075,Henry
Lemons,2011,April,250,$18000,Tom
Lemons,2011,April,442,$33150,Susan
Apple,2011,May,900,$18900,Jane
Apple,2011,May,726,$27588,Henry
Apple,2011,May,178,$6408,Tom
Apple,2011,May,114,$2280,Susan
Apricots,2011,May,613,$20842,Jane
Apricots,2011,May,204,$9384,Henry
Apricots,2011,May,579,$17370,Tom
Apricots,2011,May,215,$7095,Susan
Bananas,2011,May,705,$33840,Jane
Bananas,2011,May,164,$9184,Henry
Bananas,2011,May,610,$23790,Tom
Bananas,2011,May,850,$19550,Susan
Cherries,2011,May,352,$26400,Jane
Cherries,2011,May,389,$12448,Henry
Cherries,2011,May,573,$18909,Tom
Cherries,2011,May,576,$28800,Susan
Figs,2011,May,309,$6798,Jane
Figs,2011,May,741,$37050,Henry
Figs,2011,May,596,$42316,Tom
Figs,2011,May,604,$25972,Susan
Grapefruit,2011,May,677,$37235,Jane
Grapefruit,2011,May,502,$19076,Henry
Grapefruit,2011,May,828,$26496,Tom
Grapefruit,2011,May,828,$60444,Susan
Kiwi,2011,May,250,$15750,Jane
Kiwi,2011,May,565,$21470,Henry
Kiwi,2011,May,935,$61710,Tom
Kiwi,2011,May,886,$46072,Susan
Lemons,2011,May,160,$3360,Jane
Lemons,2011,May,121,$7018,Henry
Lemons,2011,May,998,$65868,Tom
Lemons,2011,May,910,$30030,Susan
Apple,2011,June,427,$33306,Jane
Apple,2011,June,881,$30835,Henry
Apple,2011,June,951,$38040,Tom
Apple,2011,June,508,$23368,Susan
Apricots,2011,June,595,$23205,Jane
Apricots,2011,June,702,$20358,Henry
Apricots,2011,June,131,$7205,Tom
Apricots,2011,June,384,$25344,Susan
Bananas,2011,June,507,$19773,Jane
Bananas,2011,June,716,$40812,Henry
Bananas,2011,June,812,$59276,Tom
Bananas,2011,June,555,$23310,Susan
Cherries,2011,June,205,$9225,Jane
Cherries,2011,June,243,$9963,Henry
Cherries,2011,June,228,$12312,Tom
Cherries,2011,June,473,$19866,Susan
Figs,2011,June,401,$28471,Jane
Figs,2011,June,786,$18864,Henry
Figs,2011,June,730,$37960,Tom
Figs,2011,June,335,$13735,Susan
Grapefruit,2011,June,339,$17628,Jane
Grapefruit,2011,June,488,$19032,Henry
Grapefruit,2011,June,710,$44730,Tom
Grapefruit,2011,June,522,$36540,Susan
Kiwi,2011,June,963,$59706,Jane
Kiwi,2011,June,606,$29088,Henry
Kiwi,2011,June,287,$16933,Tom
Kiwi,2011,June,409,$20859,Susan
Lemons,2011,June,592,$32560,Jane
Lemons,2011,June,874,$26220,Henry
Lemons,2011,June,158,$6794,Tom
Lemons,2011,June,256,$11264,Susan
Apple,2011,July,969,$36822,Jane
Apple,2011,July,165,$12375,Henry
Apple,2011,July,335,$8040,Tom
Apple,2011,July,955,$72580,Susan
Apricots,2011,July,466,$24698,Jane
Apricots,2011,July,559,$33540,Henry
Apricots,2011,July,660,$44220,Tom
Apricots,2011,July,205,$14350,Susan
Bananas,2011,July,158,$11534,Jane
Bananas,2011,July,265,$7685,Henry
Bananas,2011,July,723,$44103,Tom
Bananas,2011,July,977,$22471,Susan
Cherries,2011,July,761,$48704,Jane
Cherries,2011,July,821,$43513,Henry
Cherries,2011,July,829,$49740,Tom
Cherries,2011,July,419,$28911,Susan
Figs,2011,July,533,$15990,Jane
Figs,2011,July,412,$18128,Henry
Figs,2011,July,537,$31146,Tom
Figs,2011,July,888,$35520,Susan
Grapefruit,2011,July,993,$55608,Jane
Grapefruit,2011,July,175,$7350,Henry
Grapefruit,2011,July,260,$5200,Tom
Grapefruit,2011,July,270,$15120,Susan
Kiwi,2011,July,493,$15776,Jane
Kiwi,2011,July,367,$28259,Henry
Kiwi,2011,July,908,$37228,Tom
Kiwi,2011,July,946,$52976,Susan
Lemons,2011,July,938,$49714,Jane
Lemons,2011,July,106,$4240,Henry
Lemons,2011,July,230,$4600,Tom
Lemons,2011,July,234,$14274,Susan
Apple,2011,August,198,$12870,Jane
Apple,2011,August,680,$41480,Henry
Apple,2011,August,603,$42813,Tom
Apple,2011,August,383,$14171,Susan
Apricots,2011,August,382,$30178,Jane
Apricots,2011,August,277,$10249,Henry
Apricots,2011,August,567,$19845,Tom
Apricots,2011,August,841,$62234,Susan
Bananas,2011,August,895,$44750,Jane
Bananas,2011,August,808,$41208,Henry
Bananas,2011,August,418,$26334,Tom
Bananas,2011,August,396,$30096,Susan
Cherries,2011,August,847,$23716,Jane
Cherries,2011,August,669,$32112,Henry
Cherries,2011,August,617,$16042,Tom
Cherries,2011,August,173,$4844,Susan
Figs,2011,August,348,$10092,Jane
Figs,2011,August,749,$30709,Henry
Figs,2011,August,296,$10952,Tom
Figs,2011,August,343,$25725,Susan
Grapefruit,2011,August,820,$46740,Jane
Grapefruit,2011,August,996,$38844,Henry
Grapefruit,2011,August,187,$5423,Tom
Grapefruit,2011,August,621,$44712,Susan
Kiwi,2011,August,963,$58743,Jane
Kiwi,2011,August,520,$11440,Henry
Kiwi,2011,August,936,$29952,Tom
Kiwi,2011,August,897,$57408,Susan
Lemons,2011,August,926,$27780,Jane
Lemons,2011,August,365,$27740,Henry
Lemons,2011,August,862,$17240,Tom
Lemons,2011,August,629,$30821,Susan
Apple,2011,September,840,$26880,Jane
Apple,2011,September,710,$28400,Henry
Apple,2011,September,530,$24910,Tom
Apple,2011,September,477,$34344,Susan
Apricots,2011,September,146,$5110,Jane
Apricots,2011,September,867,$35547,Henry
Apricots,2011,September,984,$39360,Tom
Apricots,2011,September,277,$21883,Susan
Bananas,2011,September,114,$3648,Jane
Bananas,2011,September,677,$33173,Henry
Bananas,2011,September,996,$51792,Tom
Bananas,2011,September,468,$19656,Susan
Cherries,2011,September,803,$59422,Jane
Cherries,2011,September,612,$21420,Henry
Cherries,2011,September,527,$24769,Tom
Cherries,2011,September,710,$49700,Susan
Figs,2011,September,615,$17220,Jane
Figs,2011,September,181,$12851,Henry
Figs,2011,September,997,$69790,Tom
Figs,2011,September,857,$60847,Susan
Grapefruit,2011,September,562,$12364,Jane
Grapefruit,2011,September,217,$10199,Henry
Grapefruit,2011,September,830,$24900,Tom
Grapefruit,2011,September,269,$14526,Susan
Kiwi,2011,September,328,$17712,Jane
Kiwi,2011,September,573,$27504,Henry
Kiwi,2011,September,387,$11223,Tom
Kiwi,2011,September,504,$20664,Susan
Lemons,2011,September,439,$10975,Jane
Lemons,2011,September,570,$13110,Henry
Lemons,2011,September,994,$37772,Tom
Lemons,2011,September,370,$10360,Susan
Apple,2011,October,776,$24056,Jane
Apple,2011,October,807,$20175,Henry
Apple,2011,October,185,$11100,Tom
Apple,2011,October,740,$39220,Susan
Apricots,2011,October,656,$28864,Jane
Apricots,2011,October,724,$55024,Henry
Apricots,2011,October,101,$6969,Tom
Apricots,2011,October,836,$58520,Susan
Bananas,2011,October,204,$13872,Jane
Bananas,2011,October,819,$41769,Henry
Bananas,2011,October,783,$42282,Tom
Bananas,2011,October,107,$3638,Susan
Cherries,2011,October,146,$10950,Jane
Cherries,2011,October,740,$47360,Henry
Cherries,2011,October,618,$45114,Tom
Cherries,2011,October,284,$12780,Susan
Figs,2011,October,801,$28836,Jane
Figs,2011,October,173,$4844,Henry
Figs,2011,October,464,$24592,Tom
Figs,2011,October,599,$33544,Susan
Grapefruit,2011,October,823,$55141,Jane
Grapefruit,2011,October,642,$26322,Henry
Grapefruit,2011,October,103,$5871,Tom
Grapefruit,2011,October,465,$33015,Susan
Kiwi,2011,October,893,$34827,Jane
Kiwi,2011,October,386,$9650,Henry
Kiwi,2011,October,684,$26676,Tom
Kiwi,2011,October,687,$30915,Susan
Lemons,2011,October,115,$2530,Jane
Lemons,2011,October,461,$21667,Henry
Lemons,2011,October,669,$52182,Tom
Lemons,2011,October,742,$34874,Susan
Apple,2011,November,500,$29000,Jane
Apple,2011,November,767,$37583,Henry
Apple,2011,November,673,$18171,Tom
Apple,2011,November,211,$15403,Susan
Apricots,2011,November,539,$20482,Jane
Apricots,2011,November,814,$19536,Henry
Apricots,2011,November,947,$28410,Tom
Apricots,2011,November,868,$58156,Susan
Bananas,2011,November,636,$30528,Jane
Bananas,2011,November,537,$23628,Henry
Bananas,2011,November,558,$37944,Tom
Bananas,2011,November,363,$19965,Susan
Cherries,2011,November,899,$24273,Jane
Cherries,2011,November,643,$47582,Henry
Cherries,2011,November,400,$19600,Tom
Cherries,2011,November,402,$27738,Susan
Figs,2011,November,571,$11420,Jane
Figs,2011,November,270,$14580,Henry
Figs,2011,November,588,$28224,Tom
Figs,2011,November,860,$52460,Susan
Grapefruit,2011,November,348,$25752,Jane
Grapefruit,2011,November,866,$40702,Henry
Grapefruit,2011,November,251,$15060,Tom
Grapefruit,2011,November,593,$37359,Susan
Kiwi,2011,November,677,$13540,Jane
Kiwi,2011,November,829,$19896,Henry
Kiwi,2011,November,399,$15561,Tom
Kiwi,2011,November,107,$7811,Susan
Lemons,2011,November,677,$16925,Jane
Lemons,2011,November,144,$6048,Henry
Lemons,2011,November,412,$26368,Tom
Lemons,2011,November,352,$19712,Susan
Apple,2011,December,612,$30600,Jane
Apple,2011,December,883,$54746,Henry
Apple,2011,December,109,$8066,Tom
Apple,2011,December,368,$10672,Susan
Apricots,2011,December,902,$56826,Jane
Apricots,2011,December,348,$14964,Henry
Apricots,2011,December,948,$33180,Tom
Apricots,2011,December,975,$26325,Susan
Bananas,2011,December,973,$49623,Jane
Bananas,2011,December,219,$15987,Henry
Bananas,2011,December,408,$12240,Tom
Bananas,2011,December,242,$11374,Susan
Cherries,2011,December,525,$18900,Jane
Cherries,2011,December,889,$20447,Henry
Cherries,2011,December,969,$54264,Tom
Cherries,2011,December,872,$47088,Susan
Figs,2011,December,531,$41418,Jane
Figs,2011,December,507,$29913,Henry
Figs,2011,December,501,$34569,Tom
Figs,2011,December,115,$4485,Susan
Grapefruit,2011,December,928,$64032,Jane
Grapefruit,2011,December,711,$19908,Henry
Grapefruit,2011,December,773,$56429,Tom
Grapefruit,2011,December,307,$17192,Susan
Kiwi,2011,December,177,$12567,Jane
Kiwi,2011,December,438,$25842,Henry
Kiwi,2011,December,354,$26196,Tom
Kiwi,2011,December,859,$24052,Susan
Lemons,2011,December,716,$30072,Jane
Lemons,2011,December,429,$22737,Henry
Lemons,2011,December,918,$44982,Tom
Lemons,2011,December,182,$9646,Susan
Apple,2012,January,332,$25896,Jane
Apple,2012,January,248,$18600,Henry
Apple,2012,January,894,$69732,Tom
Apple,2012,January,908,$59020,Susan
Apricots,2012,January,650,$42250,Jane
Apricots,2012,January,864,$19008,Henry
Apricots,2012,January,501,$26553,Tom
Apricots,2012,January,628,$13816,Susan
Bananas,2012,January,670,$18090,Jane
Bananas,2012,January,804,$31356,Henry
Bananas,2012,January,799,$43945,Tom
Bananas,2012,January,904,$69608,Susan
Cherries,2012,January,876,$65700,Jane
Cherries,2012,January,645,$42570,Henry
Cherries,2012,January,794,$57962,Tom
Cherries,2012,January,413,$25606,Susan
Figs,2012,January,755,$20385,Jane
Figs,2012,January,193,$9071,Henry
Figs,2012,January,798,$34314,Tom
Figs,2012,January,127,$7874,Susan
Grapefruit,2012,January,833,$48314,Jane
Grapefruit,2012,January,217,$15841,Henry
Grapefruit,2012,January,882,$21168,Tom
Grapefruit,2012,January,902,$64042,Susan
Kiwi,2012,January,322,$18998,Jane
Kiwi,2012,January,560,$11760,Henry
Kiwi,2012,January,272,$12240,Tom
Kiwi,2012,January,218,$14170,Susan
Lemons,2012,January,158,$10112,Jane
Lemons,2012,January,110,$5390,Henry
Lemons,2012,January,843,$32034,Tom
Lemons,2012,January,956,$52580,Susan
Apple,2012,February,824,$61800,Jane
Apple,2012,February,902,$18942,Henry
Apple,2012,February,602,$44548,Tom
Apple,2012,February,875,$61250,Susan
Apricots,2012,February,926,$42596,Jane
Apricots,2012,February,676,$26364,Henry
Apricots,2012,February,361,$25631,Tom
Apricots,2012,February,334,$14696,Susan
Bananas,2012,February,748,$39644,Jane
Bananas,2012,February,348,$9744,Henry
Bananas,2012,February,154,$6160,Tom
Bananas,2012,February,639,$42813,Susan
Cherries,2012,February,373,$15666,Jane
Cherries,2012,February,367,$15047,Henry
Cherries,2012,February,162,$4698,Tom
Cherries,2012,February,508,$22860,Susan
Figs,2012,February,830,$56440,Jane
Figs,2012,February,133,$6650,Henry
Figs,2012,February,764,$15280,Tom
Figs,2012,February,489,$38631,Susan
Grapefruit,2012,February,466,$30290,Jane
Grapefruit,2012,February,702,$14040,Henry
Grapefruit,2012,February,109,$4687,Tom
Grapefruit,2012,February,522,$26622,Susan
Kiwi,2012,February,446,$20070,Jane
Kiwi,2012,February,343,$19551,Henry
Kiwi,2012,February,908,$33596,Tom
Kiwi,2012,February,723,$45549,Susan
Lemons,2012,February,946,$71896,Jane
Lemons,2012,February,955,$63985,Henry
Lemons,2012,February,475,$32775,Tom
Lemons,2012,February,870,$33060,Susan
Apple,2012,March,109,$3488,Jane
Apple,2012,March,222,$4440,Henry
Apple,2012,March,586,$15822,Tom
Apple,2012,March,761,$18264,Susan
Apricots,2012,March,109,$7303,Jane
Apricots,2012,March,926,$43522,Henry
Apricots,2012,March,374,$19448,Tom
Apricots,2012,March,789,$20514,Susan
Bananas,2012,March,703,$25308,Jane
Bananas,2012,March,501,$35571,Henry
Bananas,2012,March,467,$36893,Tom
Bananas,2012,March,875,$49875,Susan
Cherries,2012,March,416,$20384,Jane
Cherries,2012,March,821,$33661,Henry
Cherries,2012,March,234,$5850,Tom
Cherries,2012,March,289,$7514,Susan
Figs,2012,March,461,$16596,Jane
Figs,2012,March,362,$27874,Henry
Figs,2012,March,997,$43868,Tom
Figs,2012,March,863,$37109,Susan
Grapefruit,2012,March,567,$16443,Jane
Grapefruit,2012,March,646,$14212,Henry
Grapefruit,2012,March,539,$27489,Tom
Grapefruit,2012,March,737,$26532,Susan
Kiwi,2012,March,747,$47061,Jane
Kiwi,2012,March,687,$54273,Henry
Kiwi,2012,March,924,$24024,Tom
Kiwi,2012,March,423,$19035,Susan
Lemons,2012,March,414,$32706,Jane
Lemons,2012,March,712,$54824,Henry
Lemons,2012,March,960,$50880,Tom
Lemons,2012,March,650,$33150,Susan
Apple,2012,April,761,$19025,Jane
Apple,2012,April,841,$36163,Henry
Apple,2012,April,114,$5244,Tom
Apple,2012,April,540,$31860,Susan
Apricots,2012,April,239,$16013,Jane
Apricots,2012,April,668,$30060,Henry
Apricots,2012,April,305,$18605,Tom
Apricots,2012,April,446,$25422,Susan
Bananas,2012,April,757,$18168,Jane
Bananas,2012,April,629,$25789,Henry
Bananas,2012,April,121,$3751,Tom
Bananas,2012,April,896,$25984,Susan
Cherries,2012,April,546,$34398,Jane
Cherries,2012,April,651,$13020,Henry
Cherries,2012,April,215,$14835,Tom
Cherries,2012,April,922,$18440,Susan
Figs,2012,April,504,$25200,Jane
Figs,2012,April,564,$38916,Henry
Figs,2012,April,841,$65598,Tom
Figs,2012,April,416,$19552,Susan
Grapefruit,2012,April,783,$61074,Jane
Grapefruit,2012,April,991,$28739,Henry
Grapefruit,2012,April,570,$41610,Tom
Grapefruit,2012,April,241,$15906,Susan
Kiwi,2012,April,268,$19564,Jane
Kiwi,2012,April,124,$7812,Henry
Kiwi,2012,April,771,$37008,Tom
Kiwi,2012,April,387,$11223,Susan
Lemons,2012,April,388,$10864,Jane
Lemons,2012,April,849,$36507,Henry
Lemons,2012,April,306,$22644,Tom
Lemons,2012,April,234,$7488,Susan
Apple,2012,May,136,$6120,Jane
Apple,2012,May,614,$47892,Henry
Apple,2012,May,756,$58968,Tom
Apple,2012,May,632,$44872,Susan
Apricots,2012,May,424,$28408,Jane
Apricots,2012,May,742,$56392,Henry
Apricots,2012,May,882,$20286,Tom
Apricots,2012,May,307,$13201,Susan
Bananas,2012,May,564,$31584,Jane
Bananas,2012,May,427,$15799,Henry
Bananas,2012,May,292,$11388,Tom
Bananas,2012,May,214,$15194,Susan
Cherries,2012,May,501,$28557,Jane
Cherries,2012,May,462,$19404,Henry
Cherries,2012,May,285,$21090,Tom
Cherries,2012,May,241,$17111,Susan
Figs,2012,May,408,$12648,Jane
Figs,2012,May,392,$26264,Henry
Figs,2012,May,520,$19760,Tom
Figs,2012,May,260,$15600,Susan
Grapefruit,2012,May,225,$11025,Jane
Grapefruit,2012,May,731,$36550,Henry
Grapefruit,2012,May,292,$17228,Tom
Grapefruit,2012,May,706,$45890,Susan
Kiwi,2012,May,510,$22440,Jane
Kiwi,2012,May,498,$34860,Henry
Kiwi,2012,May,358,$14320,Tom
Kiwi,2012,May,618,$46968,Susan
Lemons,2012,May,768,$21504,Jane
Lemons,2012,May,129,$4257,Henry
Lemons,2012,May,742,$40810,Tom
Lemons,2012,May,450,$9900,Susan
Apple,2012,June,424,$19504,Jane
Apple,2012,June,102,$5406,Henry
Apple,2012,June,364,$25116,Tom
Apple,2012,June,359,$12206,Susan
Apricots,2012,June,973,$75894,Jane
Apricots,2012,June,152,$4712,Henry
Apricots,2012,June,733,$52043,Tom
Apricots,2012,June,890,$56070,Susan
Bananas,2012,June,433,$22516,Jane
Bananas,2012,June,607,$46739,Henry
Bananas,2012,June,547,$25162,Tom
Bananas,2012,June,759,$26565,Susan
Cherries,2012,June,425,$25925,Jane
Cherries,2012,June,986,$64090,Henry
Cherries,2012,June,428,$27820,Tom
Cherries,2012,June,435,$30015,Susan
Figs,2012,June,711,$18486,Jane
Figs,2012,June,704,$19008,Henry
Figs,2012,June,367,$11744,Tom
Figs,2012,June,607,$15175,Susan
Grapefruit,2012,June,295,$11800,Jane
Grapefruit,2012,June,197,$10441,Henry
Grapefruit,2012,June,392,$22344,Tom
Grapefruit,2012,June,725,$29725,Susan
Kiwi,2012,June,119,$2499,Jane
Kiwi,2012,June,813,$53658,Henry
Kiwi,2012,June,134,$7102,Tom
Kiwi,2012,June,884,$38012,Susan
Lemons,2012,June,594,$38016,Jane
Lemons,2012,June,656,$28208,Henry
Lemons,2012,June,454,$10442,Tom
Lemons,2012,June,355,$8520,Susan
Apple,2012,July,151,$5436,Jane
Apple,2012,July,126,$4032,Henry
Apple,2012,July,653,$45710,Tom
Apple,2012,July,710,$41890,Susan
Apricots,2012,July,714,$15708,Jane
Apricots,2012,July,958,$38320,Henry
Apricots,2012,July,132,$6204,Tom
Apricots,2012,July,828,$28152,Susan
Bananas,2012,July,810,$29970,Jane
Bananas,2012,July,932,$28892,Henry
Bananas,2012,July,505,$15150,Tom
Bananas,2012,July,778,$35010,Susan
Cherries,2012,July,852,$51120,Jane
Cherries,2012,July,688,$39216,Henry
Cherries,2012,July,416,$9984,Tom
Cherries,2012,July,223,$5575,Susan
Figs,2012,July,691,$15893,Jane
Figs,2012,July,332,$23240,Henry
Figs,2012,July,328,$22960,Tom
Figs,2012,July,412,$16892,Susan
Grapefruit,2012,July,249,$9960,Jane
Grapefruit,2012,July,819,$28665,Henry
Grapefruit,2012,July,493,$29580,Tom
Grapefruit,2012,July,344,$17888,Susan
Kiwi,2012,July,287,$22673,Jane
Kiwi,2012,July,450,$23400,Henry
Kiwi,2012,July,540,$36720,Tom
Kiwi,2012,July,567,$24948,Susan
Lemons,2012,July,741,$45201,Jane
Lemons,2012,July,502,$37148,Henry
Lemons,2012,July,939,$25353,Tom
Lemons,2012,July,670,$18760,Susan
Apple,2012,August,583,$34397,Jane
Apple,2012,August,647,$36879,Henry
Apple,2012,August,439,$32047,Tom
Apple,2012,August,244,$13908,Susan
Apricots,2012,August,790,$23700,Jane
Apricots,2012,August,874,$58558,Henry
Apricots,2012,August,836,$41800,Tom
Apricots,2012,August,355,$12780,Susan
Bananas,2012,August,462,$34650,Jane
Bananas,2012,August,809,$63102,Henry
Bananas,2012,August,437,$20539,Tom
Bananas,2012,August,999,$19980,Susan
Cherries,2012,August,449,$13021,Jane
Cherries,2012,August,869,$41712,Henry
Cherries,2012,August,714,$49266,Tom
Cherries,2012,August,854,$29036,Susan
Figs,2012,August,858,$67782,Jane
Figs,2012,August,370,$26640,Henry
Figs,2012,August,111,$5106,Tom
Figs,2012,August,371,$11872,Susan
Grapefruit,2012,August,359,$21899,Jane
Grapefruit,2012,August,703,$33041,Henry
Grapefruit,2012,August,696,$36192,Tom
Grapefruit,2012,August,234,$7254,Susan
Kiwi,2012,August,348,$14268,Jane
Kiwi,2012,August,548,$24660,Henry
Kiwi,2012,August,614,$33770,Tom
Kiwi,2012,August,204,$15912,Susan
Lemons,2012,August,437,$9614,Jane
Lemons,2012,August,398,$13532,Henry
Lemons,2012,August,912,$26448,Tom
Lemons,2012,August,793,$32513,Susan
Apple,2012,September,387,$24381,Jane
Apple,2012,September,857,$26567,Henry
Apple,2012,September,244,$15616,Tom
Apple,2012,September,570,$36480,Susan
Apricots,2012,September,875,$23625,Jane
Apricots,2012,September,174,$5568,Henry
Apricots,2012,September,794,$25408,Tom
Apricots,2012,September,946,$54868,Susan
Bananas,2012,September,948,$37920,Jane
Bananas,2012,September,838,$28492,Henry
Bananas,2012,September,482,$17834,Tom
Bananas,2012,September,141,$4653,Susan
Cherries,2012,September,530,$34450,Jane
Cherries,2012,September,142,$8662,Henry
Cherries,2012,September,973,$71029,Tom
Cherries,2012,September,515,$39655,Susan
Figs,2012,September,394,$27974,Jane
Figs,2012,September,713,$47058,Henry
Figs,2012,September,226,$14690,Tom
Figs,2012,September,528,$30096,Susan
Grapefruit,2012,September,142,$9656,Jane
Grapefruit,2012,September,499,$14471,Henry
Grapefruit,2012,September,998,$20958,Tom
Grapefruit,2012,September,806,$24180,Susan
Kiwi,2012,September,321,$13482,Jane
Kiwi,2012,September,952,$65688,Henry
Kiwi,2012,September,285,$6270,Tom
Kiwi,2012,September,458,$20152,Susan
Lemons,2012,September,502,$35140,Jane
Lemons,2012,September,965,$50180,Henry
Lemons,2012,September,361,$25270,Tom
Lemons,2012,September,205,$5125,Susan
Apple,2012,October,320,$14400,Jane
Apple,2012,October,348,$22620,Henry
Apple,2012,October,453,$29445,Tom
Apple,2012,October,412,$25544,Susan
Apricots,2012,October,286,$8866,Jane
Apricots,2012,October,742,$17066,Henry
Apricots,2012,October,352,$19712,Tom
Apricots,2012,October,417,$30024,Susan
Bananas,2012,October,292,$11972,Jane
Bananas,2012,October,471,$11775,Henry
Bananas,2012,October,231,$13167,Tom
Bananas,2012,October,324,$15552,Susan
Cherries,2012,October,636,$36252,Jane
Cherries,2012,October,133,$3059,Henry
Cherries,2012,October,177,$10443,Tom
Cherries,2012,October,256,$5376,Susan
Figs,2012,October,777,$46620,Jane
Figs,2012,October,116,$3712,Henry
Figs,2012,October,548,$38908,Tom
Figs,2012,October,802,$60952,Susan
Grapefruit,2012,October,172,$3784,Jane
Grapefruit,2012,October,799,$25568,Henry
Grapefruit,2012,October,753,$42921,Tom
Grapefruit,2012,October,124,$5580,Susan
Kiwi,2012,October,568,$24424,Jane
Kiwi,2012,October,551,$25897,Henry
Kiwi,2012,October,813,$41463,Tom
Kiwi,2012,October,299,$7774,Susan
Lemons,2012,October,466,$19106,Jane
Lemons,2012,October,269,$10222,Henry
Lemons,2012,October,927,$41715,Tom
Lemons,2012,October,102,$6324,Susan
Apple,2012,November,576,$38592,Jane
Apple,2012,November,598,$20930,Henry
Apple,2012,November,294,$8526,Tom
Apple,2012,November,528,$22704,Susan
Apricots,2012,November,906,$55266,Jane
Apricots,2012,November,548,$25756,Henry
Apricots,2012,November,195,$4485,Tom
Apricots,2012,November,641,$14743,Susan
Bananas,2012,November,977,$19540,Jane
Bananas,2012,November,711,$49059,Henry
Bananas,2012,November,858,$35178,Tom
Bananas,2012,November,813,$60162,Susan
Cherries,2012,November,270,$10530,Jane
Cherries,2012,November,864,$38016,Henry
Cherries,2012,November,869,$26070,Tom
Cherries,2012,November,178,$3560,Susan
Figs,2012,November,728,$29120,Jane
Figs,2012,November,662,$50312,Henry
Figs,2012,November,313,$18467,Tom
Figs,2012,November,886,$26580,Susan
Grapefruit,2012,November,358,$18258,Jane
Grapefruit,2012,November,341,$18414,Henry
Grapefruit,2012,November,412,$32548,Tom
Grapefruit,2012,November,526,$33664,Susan
Kiwi,2012,November,155,$9920,Jane
Kiwi,2012,November,163,$7172,Henry
Kiwi,2012,November,354,$14160,Tom
Kiwi,2012,November,684,$17100,Susan
Lemons,2012,November,289,$6069,Jane
Lemons,2012,November,807,$42771,Henry
Lemons,2012,November,509,$26977,Tom
Lemons,2012,November,591,$21867,Susan
Apple,2012,December,166,$3486,Jane
Apple,2012,December,149,$6854,Henry
Apple,2012,December,789,$26826,Tom
Apple,2012,December,973,$53515,Susan
Apricots,2012,December,872,$34880,Jane
Apricots,2012,December,435,$26535,Henry
Apricots,2012,December,420,$26880,Tom
Apricots,2012,December,585,$30420,Susan
Bananas,2012,December,838,$52794,Jane
Bananas,2012,December,744,$34968,Henry
Bananas,2012,December,766,$36002,Tom
Bananas,2012,December,498,$18426,Susan
Cherries,2012,December,291,$18042,Jane
Cherries,2012,December,583,$36729,Henry
Cherries,2012,December,289,$12427,Tom
Cherries,2012,December,160,$9440,Susan
Figs,2012,December,551,$20938,Jane
Figs,2012,December,313,$22849,Henry
Figs,2012,December,128,$6528,Tom
Figs,2012,December,270,$13500,Susan
Grapefruit,2012,December,936,$24336,Jane
Grapefruit,2012,December,237,$16353,Henry
Grapefruit,2012,December,107,$8132,Tom
Grapefruit,2012,December,810,$58320,Susan
Kiwi,2012,December,136,$10472,Jane
Kiwi,2012,December,153,$5508,Henry
Kiwi,2012,December,585,$45630,Tom
Kiwi,2012,December,230,$6440,Susan
Lemons,2012,December,518,$23828,Jane
Lemons,2012,December,659,$24383,Henry
Lemons,2012,December,374,$16456,Tom
Lemons,2012,December,348,$26100,Susan
Apple,2013,January,789,$58386,Jane
Apple,2013,January,522,$23490,Henry
Apple,2013,January,597,$44178,Tom
Apple,2013,January,473,$11825,Susan
Apricots,2013,January,303,$16665,Jane
Apricots,2013,January,669,$35457,Henry
Apricots,2013,January,232,$17864,Tom
Apricots,2013,January,317,$17118,Susan
Bananas,2013,January,288,$5760,Jane
Bananas,2013,January,473,$26488,Henry
Bananas,2013,January,869,$51271,Tom
Bananas,2013,January,906,$28992,Susan
Cherries,2013,January,427,$31171,Jane
Cherries,2013,January,332,$11288,Henry
Cherries,2013,January,263,$14728,Tom
Cherries,2013,January,269,$11567,Susan
Figs,2013,January,603,$39798,Jane
Figs,2013,January,401,$14035,Henry
Figs,2013,January,839,$30204,Tom
Figs,2013,January,927,$67671,Susan
Grapefruit,2013,January,331,$25487,Jane
Grapefruit,2013,January,470,$31490,Henry
Grapefruit,2013,January,386,$27020,Tom
Grapefruit,2013,January,495,$20790,Susan
Kiwi,2013,January,570,$38190,Jane
Kiwi,2013,January,847,$50820,Henry
Kiwi,2013,January,809,$43686,Tom
Kiwi,2013,January,591,$40188,Susan
Lemons,2013,January,573,$28650,Jane
Lemons,2013,January,311,$11818,Henry
Lemons,2013,January,581,$38927,Tom
Lemons,2013,January,469,$21105,Susan
Apple,2013,February,102,$4896,Jane
Apple,2013,February,323,$20995,Henry
Apple,2013,February,937,$37480,Tom
Apple,2013,February,580,$14500,Susan
Apricots,2013,February,254,$16510,Jane
Apricots,2013,February,372,$25296,Henry
Apricots,2013,February,554,$14404,Tom
Apricots,2013,February,974,$48700,Susan
Bananas,2013,February,561,$27489,Jane
Bananas,2013,February,717,$55209,Henry
Bananas,2013,February,996,$21912,Tom
Bananas,2013,February,291,$10476,Susan
Cherries,2013,February,769,$16149,Jane
Cherries,2013,February,506,$10120,Henry
Cherries,2013,February,784,$54880,Tom
Cherries,2013,February,865,$19895,Susan
Figs,2013,February,710,$35500,Jane
Figs,2013,February,146,$5694,Henry
Figs,2013,February,908,$38136,Tom
Figs,2013,February,668,$52104,Susan
Grapefruit,2013,February,978,$36186,Jane
Grapefruit,2013,February,161,$5957,Henry
Grapefruit,2013,February,195,$6435,Tom
Grapefruit,2013,February,901,$34238,Susan
Kiwi,2013,February,710,$29820,Jane
Kiwi,2013,February,432,$31968,Henry
Kiwi,2013,February,245,$17640,Tom
Kiwi,2013,February,240,$14640,Susan
Lemons,2013,February,250,$15000,Jane
Lemons,2013,February,262,$16506,Henry
Lemons,2013,February,373,$24245,Tom
Lemons,2013,February,792,$53856,Susan
Apple,2013,March,836,$42636,Jane
Apple,2013,March,717,$27963,Henry
Apple,2013,March,400,$14000,Tom
Apple,2013,March,924,$56364,Susan
Apricots,2013,March,292,$16936,Jane
Apricots,2013,March,956,$67876,Henry
Apricots,2013,March,726,$55902,Tom
Apricots,2013,March,449,$11225,Susan
Bananas,2013,March,730,$48180,Jane
Bananas,2013,March,205,$15375,Henry
Bananas,2013,March,682,$17050,Tom
Bananas,2013,March,911,$19131,Susan
Cherries,2013,March,957,$52635,Jane
Cherries,2013,March,642,$20544,Henry
Cherries,2013,March,758,$34868,Tom
Cherries,2013,March,301,$14749,Susan
Figs,2013,March,670,$35510,Jane
Figs,2013,March,655,$48470,Henry
Figs,2013,March,744,$19344,Tom
Figs,2013,March,857,$20568,Susan
Grapefruit,2013,March,316,$8848,Jane
Grapefruit,2013,March,899,$66526,Henry
Grapefruit,2013,March,420,$10080,Tom
Grapefruit,2013,March,158,$3318,Susan
Kiwi,2013,March,812,$17864,Jane
Kiwi,2013,March,526,$15254,Henry
Kiwi,2013,March,281,$19951,Tom
Kiwi,2013,March,281,$11240,Susan
Lemons,2013,March,253,$15939,Jane
Lemons,2013,March,476,$9996,Henry
Lemons,2013,March,319,$19459,Tom
Lemons,2013,March,149,$7748,Susan
Apple,2013,April,137,$9316,Jane
Apple,2013,April,188,$9212,Henry
Apple,2013,April,581,$20916,Tom
Apple,2013,April,413,$9912,Susan
Apricots,2013,April,798,$53466,Jane
Apricots,2013,April,432,$15984,Henry
Apricots,2013,April,978,$47922,Tom
Apricots,2013,April,221,$15028,Susan
Bananas,2013,April,665,$13965,Jane
Bananas,2013,April,823,$52672,Henry
Bananas,2013,April,271,$14634,Tom
Bananas,2013,April,209,$7315,Susan
Cherries,2013,April,281,$8430,Jane
Cherries,2013,April,163,$11084,Henry
Cherries,2013,April,669,$15387,Tom
Cherries,2013,April,154,$3696,Susan
Figs,2013,April,747,$21663,Jane
Figs,2013,April,683,$20490,Henry
Figs,2013,April,518,$35742,Tom
Figs,2013,April,538,$33356,Susan
Grapefruit,2013,April,690,$48300,Jane
Grapefruit,2013,April,233,$6757,Henry
Grapefruit,2013,April,481,$19240,Tom
Grapefruit,2013,April,248,$14632,Susan
Kiwi,2013,April,487,$23863,Jane
Kiwi,2013,April,578,$28322,Henry
Kiwi,2013,April,837,$20088,Tom
Kiwi,2013,April,477,$23373,Susan
Lemons,2013,April,570,$37620,Jane
Lemons,2013,April,600,$21600,Henry
Lemons,2013,April,956,$74568,Tom
Lemons,2013,April,555,$31635,Susan
Apple,2013,May,370,$11100,Jane
Apple,2013,May,252,$12096,Henry
Apple,2013,May,302,$14798,Tom
Apple,2013,May,472,$19824,Susan
Apricots,2013,May,403,$20553,Jane
Apricots,2013,May,771,$16962,Henry
Apricots,2013,May,864,$31104,Tom
Apricots,2013,May,678,$47460,Susan
Bananas,2013,May,725,$27550,Jane
Bananas,2013,May,894,$27714,Henry
Bananas,2013,May,172,$5160,Tom
Bananas,2013,May,295,$7965,Susan
Cherries,2013,May,826,$19824,Jane
Cherries,2013,May,784,$55664,Henry
Cherries,2013,May,632,$20856,Tom
Cherries,2013,May,393,$23580,Susan
Figs,2013,May,826,$20650,Jane
Figs,2013,May,517,$39292,Henry
Figs,2013,May,728,$31304,Tom
Figs,2013,May,930,$47430,Susan
Grapefruit,2013,May,301,$7224,Jane
Grapefruit,2013,May,892,$57088,Henry
Grapefruit,2013,May,162,$5670,Tom
Grapefruit,2013,May,252,$13608,Susan
Kiwi,2013,May,408,$20808,Jane
Kiwi,2013,May,628,$27004,Henry
Kiwi,2013,May,351,$21411,Tom
Kiwi,2013,May,488,$17568,Susan
Lemons,2013,May,436,$23108,Jane
Lemons,2013,May,394,$24822,Henry
Lemons,2013,May,543,$39639,Tom
Lemons,2013,May,285,$11685,Susan
Apple,2013,June,772,$34740,Jane
Apple,2013,June,123,$7995,Henry
Apple,2013,June,163,$5542,Tom
Apple,2013,June,937,$22488,Susan
Apricots,2013,June,882,$66150,Jane
Apricots,2013,June,225,$9450,Henry
Apricots,2013,June,866,$44166,Tom
Apricots,2013,June,888,$20424,Susan
Bananas,2013,June,386,$20458,Jane
Bananas,2013,June,158,$8216,Henry
Bananas,2013,June,290,$18850,Tom
Bananas,2013,June,777,$19425,Susan
Cherries,2013,June,972,$47628,Jane
Cherries,2013,June,529,$15341,Henry
Cherries,2013,June,684,$41724,Tom
Cherries,2013,June,268,$12328,Susan
Figs,2013,June,375,$24375,Jane
Figs,2013,June,804,$45024,Henry
Figs,2013,June,479,$10059,Tom
Figs,2013,June,489,$23472,Susan
Grapefruit,2013,June,385,$21945,Jane
Grapefruit,2013,June,148,$8288,Henry
Grapefruit,2013,June,518,$18648,Tom
Grapefruit,2013,June,626,$15650,Susan
Kiwi,2013,June,219,$17082,Jane
Kiwi,2013,June,789,$42606,Henry
Kiwi,2013,June,869,$33022,Tom
Kiwi,2013,June,921,$29472,Susan
Lemons,2013,June,637,$16562,Jane
Lemons,2013,June,765,$40545,Henry
Lemons,2013,June,507,$20280,Tom
Lemons,2013,June,205,$4715,Susan
Apple,2013,July,262,$15196,Jane
Apple,2013,July,468,$32292,Henry
Apple,2013,July,983,$76674,Tom
Apple,2013,July,318,$11130,Susan
Apricots,2013,July,628,$15700,Jane
Apricots,2013,July,683,$13660,Henry
Apricots,2013,July,461,$35958,Tom
Apricots,2013,July,373,$9325,Susan
Bananas,2013,July,299,$6877,Jane
Bananas,2013,July,180,$14220,Henry
Bananas,2013,July,597,$46566,Tom
Bananas,2013,July,277,$5540,Susan
Cherries,2013,July,781,$28897,Jane
Cherries,2013,July,562,$35968,Henry
Cherries,2013,July,917,$34846,Tom
Cherries,2013,July,993,$60573,Susan
Figs,2013,July,523,$25104,Jane
Figs,2013,July,876,$42924,Henry
Figs,2013,July,226,$14464,Tom
Figs,2013,July,677,$44682,Susan
Grapefruit,2013,July,658,$25662,Jane
Grapefruit,2013,July,483,$24633,Henry
Grapefruit,2013,July,383,$18384,Tom
Grapefruit,2013,July,479,$33530,Susan
Kiwi,2013,July,777,$27195,Jane
Kiwi,2013,July,786,$18864,Henry
Kiwi,2013,July,617,$48126,Tom
Kiwi,2013,July,259,$16835,Susan
Lemons,2013,July,252,$11844,Jane
Lemons,2013,July,601,$32454,Henry
Lemons,2013,July,781,$20306,Tom
Lemons,2013,July,187,$4301,Susan
Apple,2013,August,138,$5934,Jane
Apple,2013,August,745,$58110,Henry
Apple,2013,August,378,$19656,Tom
Apple,2013,August,771,$40092,Susan
Apricots,2013,August,793,$53924,Jane
Apricots,2013,August,819,$63882,Henry
Apricots,2013,August,138,$4830,Tom
Apricots,2013,August,382,$23684,Susan
Bananas,2013,August,719,$16537,Jane
Bananas,2013,August,909,$55449,Henry
Bananas,2013,August,341,$6820,Tom
Bananas,2013,August,705,$38775,Susan
Cherries,2013,August,236,$6372,Jane
Cherries,2013,August,561,$23001,Henry
Cherries,2013,August,274,$14522,Tom
Cherries,2013,August,995,$68655,Susan
Figs,2013,August,141,$3807,Jane
Figs,2013,August,713,$34937,Henry
Figs,2013,August,298,$7450,Tom
Figs,2013,August,612,$33048,Susan
Grapefruit,2013,August,377,$27521,Jane
Grapefruit,2013,August,326,$13366,Henry
Grapefruit,2013,August,510,$35190,Tom
Grapefruit,2013,August,131,$6681,Susan
Kiwi,2013,August,423,$26649,Jane
Kiwi,2013,August,208,$12272,Henry
Kiwi,2013,August,514,$33410,Tom
Kiwi,2013,August,638,$44660,Susan
Lemons,2013,August,862,$52582,Jane
Lemons,2013,August,827,$45485,Henry
Lemons,2013,August,219,$12483,Tom
Lemons,2013,August,807,$38736,Susan
Apple,2013,September,361,$20938,Jane
Apple,2013,September,519,$41001,Henry
Apple,2013,September,113,$2825,Tom
Apple,2013,September,369,$29151,Susan
Apricots,2013,September,252,$17892,Jane
Apricots,2013,September,915,$46665,Henry
Apricots,2013,September,860,$51600,Tom
Apricots,2013,September,765,$45900,Susan
Bananas,2013,September,236,$10856,Jane
Bananas,2013,September,973,$60326,Henry
Bananas,2013,September,322,$24794,Tom
Bananas,2013,September,151,$11325,Susan
Cherries,2013,September,392,$30184,Jane
Cherries,2013,September,681,$17025,Henry
Cherries,2013,September,382,$16808,Tom
Cherries,2013,September,510,$34170,Susan
Figs,2013,September,503,$38731,Jane
Figs,2013,September,760,$38000,Henry
Figs,2013,September,562,$30910,Tom
Figs,2013,September,337,$14154,Susan
Grapefruit,2013,September,904,$50624,Jane
Grapefruit,2013,September,610,$31110,Henry
Grapefruit,2013,September,441,$33516,Tom
Grapefruit,2013,September,474,$15642,Susan
Kiwi,2013,September,527,$35836,Jane
Kiwi,2013,September,587,$17610,Henry
Kiwi,2013,September,603,$24723,Tom
Kiwi,2013,September,708,$39648,Susan
Lemons,2013,September,283,$7924,Jane
Lemons,2013,September,260,$14040,Henry
Lemons,2013,September,130,$3380,Tom
Lemons,2013,September,441,$17640,Susan
Apple,2013,October,831,$64818,Jane
Apple,2013,October,214,$10914,Henry
Apple,2013,October,862,$47410,Tom
Apple,2013,October,196,$14896,Susan
Apricots,2013,October,764,$19864,Jane
Apricots,2013,October,599,$44326,Henry
Apricots,2013,October,450,$19350,Tom
Apricots,2013,October,936,$52416,Susan
Bananas,2013,October,995,$71640,Jane
Bananas,2013,October,868,$28644,Henry
Bananas,2013,October,621,$26703,Tom
Bananas,2013,October,300,$20100,Susan
Cherries,2013,October,365,$13870,Jane
Cherries,2013,October,970,$32980,Henry
Cherries,2013,October,237,$11139,Tom
Cherries,2013,October,253,$11385,Susan
Figs,2013,October,936,$60840,Jane
Figs,2013,October,991,$53514,Henry
Figs,2013,October,558,$39060,Tom
Figs,2013,October,180,$12780,Susan
Grapefruit,2013,October,650,$33150,Jane
Grapefruit,2013,October,767,$26845,Henry
Grapefruit,2013,October,421,$19366,Tom
Grapefruit,2013,October,789,$39450,Susan
Kiwi,2013,October,620,$16120,Jane
Kiwi,2013,October,825,$56925,Henry
Kiwi,2013,October,260,$15860,Tom
Kiwi,2013,October,198,$15444,Susan
Lemons,2013,October,743,$57954,Jane
Lemons,2013,October,709,$35450,Henry
Lemons,2013,October,339,$11526,Tom
Lemons,2013,October,912,$29184,Susan
Apple,2013,November,753,$21084,Jane
Apple,2013,November,106,$2544,Henry
Apple,2013,November,498,$23406,Tom
Apple,2013,November,685,$41785,Susan
Apricots,2013,November,743,$35664,Jane
Apricots,2013,November,595,$42840,Henry
Apricots,2013,November,570,$38190,Tom
Apricots,2013,November,931,$34447,Susan
Bananas,2013,November,499,$38423,Jane
Bananas,2013,November,524,$16244,Henry
Bananas,2013,November,492,$15744,Tom
Bananas,2013,November,494,$21736,Susan
Cherries,2013,November,285,$16530,Jane
Cherries,2013,November,177,$6018,Henry
Cherries,2013,November,528,$21648,Tom
Cherries,2013,November,426,$30246,Susan
Figs,2013,November,322,$11270,Jane
Figs,2013,November,488,$21472,Henry
Figs,2013,November,349,$21289,Tom
Figs,2013,November,614,$29472,Susan
Grapefruit,2013,November,277,$11634,Jane
Grapefruit,2013,November,891,$55242,Henry
Grapefruit,2013,November,817,$27778,Tom
Grapefruit,2013,November,265,$14045,Susan
Kiwi,2013,November,765,$36720,Jane
Kiwi,2013,November,494,$33592,Henry
Kiwi,2013,November,833,$64141,Tom
Kiwi,2013,November,118,$4366,Susan
Lemons,2013,November,218,$8720,Jane
Lemons,2013,November,651,$28644,Henry
Lemons,2013,November,997,$56829,Tom
Lemons,2013,November,848,$16960,Susan
Apple,2013,December,543,$14118,Jane
Apple,2013,December,223,$13826,Henry
Apple,2013,December,847,$58443,Tom
Apple,2013,December,326,$22494,Susan
Apricots,2013,December,701,$21030,Jane
Apricots,2013,December,998,$32934,Henry
Apricots,2013,December,368,$14720,Tom
Apricots,2013,December,915,$41175,Susan
Bananas,2013,December,201,$14673,Jane
Bananas,2013,December,362,$26426,Henry
Bananas,2013,December,616,$38192,Tom
Bananas,2013,December,538,$19368,Susan
Cherries,2013,December,320,$13760,Jane
Cherries,2013,December,513,$20520,Henry
Cherries,2013,December,570,$41610,Tom
Cherries,2013,December,804,$49848,Susan
Figs,2013,December,802,$53734,Jane
Figs,2013,December,205,$7995,Henry
Figs,2013,December,721,$56959,Tom
Figs,2013,December,822,$48498,Susan
Grapefruit,2013,December,258,$10836,Jane
Grapefruit,2013,December,340,$26520,Henry
Grapefruit,2013,December,858,$21450,Tom
Grapefruit,2013,December,839,$66281,Susan
Kiwi,2013,December,742,$18550,Jane
Kiwi,2013,December,601,$28848,Henry
Kiwi,2013,December,137,$6576,Tom
Kiwi,2013,December,295,$14160,Susan
Lemons,2013,December,433,$25114,Jane
Lemons,2013,December,920,$47840,Henry
Lemons,2013,December,725,$17400,Tom
Lemons,2013,December,787,$48794,Susan
Apple,2014,January,200,$12200,Jane
Apple,2014,January,690,$24840,Henry
Apple,2014,January,318,$9222,Tom
Apple,2014,January,265,$15635,Susan
Apricots,2014,January,138,$10626,Jane
Apricots,2014,January,440,$26400,Henry
Apricots,2014,January,873,$68094,Tom
Apricots,2014,January,565,$18080,Susan
Bananas,2014,January,618,$29664,Jane
Bananas,2014,January,189,$4347,Henry
Bananas,2014,January,429,$26169,Tom
Bananas,2014,January,317,$20605,Susan
Cherries,2014,January,637,$14651,Jane
Cherries,2014,January,776,$48888,Henry
Cherries,2014,January,696,$54984,Tom
Cherries,2014,January,252,$9576,Susan
Figs,2014,January,919,$52383,Jane
Figs,2014,January,627,$30096,Henry
Figs,2014,January,665,$45885,Tom
Figs,2014,January,773,$29374,Susan
Grapefruit,2014,January,875,$19250,Jane
Grapefruit,2014,January,585,$12870,Henry
Grapefruit,2014,January,598,$24518,Tom
Grapefruit,2014,January,271,$11924,Susan
Kiwi,2014,January,845,$61685,Jane
Kiwi,2014,January,511,$25039,Henry
Kiwi,2014,January,935,$63580,Tom
Kiwi,2014,January,335,$12730,Susan
Lemons,2014,January,191,$8404,Jane
Lemons,2014,January,207,$15525,Henry
Lemons,2014,January,996,$34860,Tom
Lemons,2014,January,731,$57749,Susan
Apple,2014,February,428,$32956,Jane
Apple,2014,February,766,$25278,Henry
Apple,2014,February,923,$70148,Tom
Apple,2014,February,268,$9648,Susan
Apricots,2014,February,878,$69362,Jane
Apricots,2014,February,129,$5805,Henry
Apricots,2014,February,199,$12338,Tom
Apricots,2014,February,524,$34584,Susan
Bananas,2014,February,677,$18956,Jane
Bananas,2014,February,202,$4444,Henry
Bananas,2014,February,120,$2520,Tom
Bananas,2014,February,673,$32977,Susan
Cherries,2014,February,676,$40560,Jane
Cherries,2014,February,366,$7686,Henry
Cherries,2014,February,199,$5771,Tom
Cherries,2014,February,399,$21147,Susan
Figs,2014,February,546,$14742,Jane
Figs,2014,February,190,$11590,Henry
Figs,2014,February,958,$56522,Tom
Figs,2014,February,402,$8040,Susan
Grapefruit,2014,February,886,$31010,Jane
Grapefruit,2014,February,422,$8862,Henry
Grapefruit,2014,February,956,$32504,Tom
Grapefruit,2014,February,943,$34891,Susan
Kiwi,2014,February,531,$12213,Jane
Kiwi,2014,February,718,$25848,Henry
Kiwi,2014,February,745,$43955,Tom
Kiwi,2014,February,218,$5886,Susan
Lemons,2014,February,551,$32509,Jane
Lemons,2014,February,639,$25560,Henry
Lemons,2014,February,462,$23562,Tom
Lemons,2014,February,965,$48250,Susan
Apple,2014,March,650,$33800,Jane
Apple,2014,March,974,$23376,Henry
Apple,2014,March,762,$45720,Tom
Apple,2014,March,178,$4628,Susan
Apricots,2014,March,589,$22382,Jane
Apricots,2014,March,260,$13260,Henry
Apricots,2014,March,122,$8906,Tom
Apricots,2014,March,497,$26341,Susan
Bananas,2014,March,457,$19651,Jane
Bananas,2014,March,434,$12586,Henry
Bananas,2014,March,923,$50765,Tom
Bananas,2014,March,783,$30537,Susan
Cherries,2014,March,985,$74860,Jane
Cherries,2014,March,158,$10428,Henry
Cherries,2014,March,403,$18538,Tom
Cherries,2014,March,154,$11396,Susan
Figs,2014,March,258,$7740,Jane
Figs,2014,March,854,$57218,Henry
Figs,2014,March,597,$38805,Tom
Figs,2014,March,798,$57456,Susan
Grapefruit,2014,March,190,$7600,Jane
Grapefruit,2014,March,544,$41344,Henry
Grapefruit,2014,March,316,$8848,Tom
Grapefruit,2014,March,533,$35178,Susan
Kiwi,2014,March,708,$49560,Jane
Kiwi,2014,March,325,$17550,Henry
Kiwi,2014,March,534,$14952,Tom
Kiwi,2014,March,305,$19215,Susan
Lemons,2014,March,534,$30972,Jane
Lemons,2014,March,383,$10724,Henry
Lemons,2014,March,113,$5876,Tom
Lemons,2014,March,318,$19398,Susan
Apple,2014,April,178,$5874,Jane
Apple,2014,April,839,$44467,Henry
Apple,2014,April,224,$17696,Tom
Apple,2014,April,651,$15624,Susan
Apricots,2014,April,863,$50917,Jane
Apricots,2014,April,917,$22925,Henry
Apricots,2014,April,660,$33000,Tom
Apricots,2014,April,373,$15666,Susan
Bananas,2014,April,530,$28090,Jane
Bananas,2014,April,896,$63616,Henry
Bananas,2014,April,530,$39220,Tom
Bananas,2014,April,357,$23919,Susan
Cherries,2014,April,881,$67837,Jane
Cherries,2014,April,914,$38388,Henry
Cherries,2014,April,596,$30992,Tom
Cherries,2014,April,490,$37730,Susan
Figs,2014,April,985,$75845,Jane
Figs,2014,April,254,$6350,Henry
Figs,2014,April,538,$10760,Tom
Figs,2014,April,675,$33075,Susan
Grapefruit,2014,April,948,$69204,Jane
Grapefruit,2014,April,396,$26532,Henry
Grapefruit,2014,April,185,$9990,Tom
Grapefruit,2014,April,934,$58842,Susan
Kiwi,2014,April,324,$18468,Jane
Kiwi,2014,April,147,$7938,Henry
Kiwi,2014,April,958,$72808,Tom
Kiwi,2014,April,531,$12213,Susan
Lemons,2014,April,199,$9552,Jane
Lemons,2014,April,578,$40460,Henry
Lemons,2014,April,711,$23463,Tom
Lemons,2014,April,673,$13460,Susan
Apple,2014,May,335,$12730,Jane
Apple,2014,May,838,$60336,Henry
Apple,2014,May,430,$16770,Tom
Apple,2014,May,700,$41300,Susan
Apricots,2014,May,113,$5311,Jane
Apricots,2014,May,508,$29464,Henry
Apricots,2014,May,605,$33275,Tom
Apricots,2014,May,757,$18925,Susan
Bananas,2014,May,252,$15624,Jane
Bananas,2014,May,419,$17598,Henry
Bananas,2014,May,802,$24060,Tom
Bananas,2014,May,954,$22896,Susan
Cherries,2014,May,807,$62139,Jane
Cherries,2014,May,214,$14766,Henry
Cherries,2014,May,118,$2950,Tom
Cherries,2014,May,833,$58310,Susan
Figs,2014,May,797,$42241,Jane
Figs,2014,May,769,$29222,Henry
Figs,2014,May,623,$16198,Tom
Figs,2014,May,547,$22974,Susan
Grapefruit,2014,May,433,$30743,Jane
Grapefruit,2014,May,608,$45600,Henry
Grapefruit,2014,May,892,$46384,Tom
Grapefruit,2014,May,413,$24367,Susan
Kiwi,2014,May,655,$25545,Jane
Kiwi,2014,May,886,$66450,Henry
Kiwi,2014,May,860,$49880,Tom
Kiwi,2014,May,647,$37526,Susan
Lemons,2014,May,142,$3692,Jane
Lemons,2014,May,602,$30702,Henry
Lemons,2014,May,179,$11993,Tom
Lemons,2014,May,238,$7378,Susan
Apple,2014,June,866,$32042,Jane
Apple,2014,June,363,$27225,Henry
Apple,2014,June,780,$58500,Tom
Apple,2014,June,607,$35206,Susan
Apricots,2014,June,791,$44296,Jane
Apricots,2014,June,369,$14022,Henry
Apricots,2014,June,512,$22528,Tom
Apricots,2014,June,605,$35090,Susan
Bananas,2014,June,765,$36720,Jane
Bananas,2014,June,625,$30625,Henry
Bananas,2014,June,283,$8773,Tom
Bananas,2014,June,440,$32560,Susan
Cherries,2014,June,162,$9234,Jane
Cherries,2014,June,686,$29498,Henry
Cherries,2014,June,642,$36594,Tom
Cherries,2014,June,220,$14960,Susan
Figs,2014,June,973,$46704,Jane
Figs,2014,June,385,$19250,Henry
Figs,2014,June,929,$20438,Tom
Figs,2014,June,537,$11814,Susan
Grapefruit,2014,June,881,$50217,Jane
Grapefruit,2014,June,221,$7514,Henry
Grapefruit,2014,June,548,$32880,Tom
Grapefruit,2014,June,399,$28728,Susan
Kiwi,2014,June,120,$6600,Jane
Kiwi,2014,June,501,$28056,Henry
Kiwi,2014,June,757,$19682,Tom
Kiwi,2014,June,199,$7761,Susan
Lemons,2014,June,728,$35672,Jane
Lemons,2014,June,359,$7180,Henry
Lemons,2014,June,388,$9700,Tom
Lemons,2014,June,149,$9238,Susan
Apple,2014,July,456,$27360,Jane
Apple,2014,July,357,$17850,Henry
Apple,2014,July,282,$13818,Tom
Apple,2014,July,619,$48282,Susan
Apricots,2014,July,423,$20304,Jane
Apricots,2014,July,358,$8950,Henry
Apricots,2014,July,255,$14790,Tom
Apricots,2014,July,453,$15402,Susan
Bananas,2014,July,512,$11264,Jane
Bananas,2014,July,368,$13248,Henry
Bananas,2014,July,386,$15826,Tom
Bananas,2014,July,344,$20984,Susan
Cherries,2014,July,265,$7155,Jane
Cherries,2014,July,501,$15030,Henry
Cherries,2014,July,803,$50589,Tom
Cherries,2014,July,757,$46177,Susan
Figs,2014,July,536,$24120,Jane
Figs,2014,July,919,$63411,Henry
Figs,2014,July,223,$13826,Tom
Figs,2014,July,887,$52333,Susan
Grapefruit,2014,July,662,$35086,Jane
Grapefruit,2014,July,683,$15026,Henry
Grapefruit,2014,July,866,$51960,Tom
Grapefruit,2014,July,457,$33818,Susan
Kiwi,2014,July,819,$30303,Jane
Kiwi,2014,July,270,$12690,Henry
Kiwi,2014,July,479,$21076,Tom
Kiwi,2014,July,301,$18662,Susan
Lemons,2014,July,791,$48251,Jane
Lemons,2014,July,199,$3980,Henry
Lemons,2014,July,491,$38789,Tom
Lemons,2014,July,252,$19908,Susan
Apple,2014,August,852,$20448,Jane
Apple,2014,August,761,$43377,Henry
Apple,2014,August,846,$21150,Tom
Apple,2014,August,196,$4704,Susan
Apricots,2014,August,907,$41722,Jane
Apricots,2014,August,516,$28380,Henry
Apricots,2014,August,341,$7502,Tom
Apricots,2014,August,280,$14280,Susan
Bananas,2014,August,377,$12441,Jane
Bananas,2014,August,586,$16408,Henry
Bananas,2014,August,805,$36225,Tom
Bananas,2014,August,742,$44520,Susan
Cherries,2014,August,418,$22572,Jane
Cherries,2014,August,101,$2121,Henry
Cherries,2014,August,798,$37506,Tom
Cherries,2014,August,674,$49876,Susan
Figs,2014,August,213,$8946,Jane
Figs,2014,August,836,$34276,Henry
Figs,2014,August,990,$38610,Tom
Figs,2014,August,491,$10802,Susan
Grapefruit,2014,August,442,$10608,Jane
Grapefruit,2014,August,926,$22224,Henry
Grapefruit,2014,August,572,$17160,Tom
Grapefruit,2014,August,146,$8176,Susan
Kiwi,2014,August,596,$40528,Jane
Kiwi,2014,August,177,$11505,Henry
Kiwi,2014,August,519,$27507,Tom
Kiwi,2014,August,262,$6550,Susan
Lemons,2014,August,303,$6363,Jane
Lemons,2014,August,640,$24320,Henry
Lemons,2014,August,614,$36840,Tom
Lemons,2014,August,419,$20112,Susan
Apple,2014,September,976,$54656,Jane
Apple,2014,September,268,$8040,Henry
Apple,2014,September,582,$13968,Tom
Apple,2014,September,159,$6837,Susan
Apricots,2014,September,177,$5664,Jane
Apricots,2014,September,803,$50589,Henry
Apricots,2014,September,502,$35140,Tom
Apricots,2014,September,206,$7004,Susan
Bananas,2014,September,913,$62084,Jane
Bananas,2014,September,465,$11625,Henry
Bananas,2014,September,667,$13340,Tom
Bananas,2014,September,127,$2667,Susan
Cherries,2014,September,749,$59171,Jane
Cherries,2014,September,140,$7140,Henry
Cherries,2014,September,748,$59092,Tom
Cherries,2014,September,636,$49608,Susan
Figs,2014,September,482,$26028,Jane
Figs,2014,September,855,$26505,Henry
Figs,2014,September,423,$11844,Tom
Figs,2014,September,671,$24156,Susan
Grapefruit,2014,September,648,$43416,Jane
Grapefruit,2014,September,657,$47304,Henry
Grapefruit,2014,September,552,$40848,Tom
Grapefruit,2014,September,280,$7840,Susan
Kiwi,2014,September,119,$8092,Jane
Kiwi,2014,September,110,$3850,Henry
Kiwi,2014,September,623,$19313,Tom
Kiwi,2014,September,108,$2160,Susan
Lemons,2014,September,807,$54069,Jane
Lemons,2014,September,839,$26848,Henry
Lemons,2014,September,962,$53872,Tom
Lemons,2014,September,626,$43820,Susan
Apple,2014,October,916,$26564,Jane
Apple,2014,October,434,$33852,Henry
Apple,2014,October,713,$18538,Tom
Apple,2014,October,824,$43672,Susan
Apricots,2014,October,766,$42130,Jane
Apricots,2014,October,686,$48020,Henry
Apricots,2014,October,456,$30096,Tom
Apricots,2014,October,887,$63864,Susan
Bananas,2014,October,952,$37128,Jane
Bananas,2014,October,954,$67734,Henry
Bananas,2014,October,508,$34544,Tom
Bananas,2014,October,243,$6561,Susan
Cherries,2014,October,620,$21700,Jane
Cherries,2014,October,525,$16275,Henry
Cherries,2014,October,211,$5275,Tom
Cherries,2014,October,520,$22880,Susan
Figs,2014,October,971,$46608,Jane
Figs,2014,October,832,$36608,Henry
Figs,2014,October,198,$4950,Tom
Figs,2014,October,173,$6228,Susan
Grapefruit,2014,October,720,$20880,Jane
Grapefruit,2014,October,227,$9307,Henry
Grapefruit,2014,October,388,$24832,Tom
Grapefruit,2014,October,390,$29640,Susan
Kiwi,2014,October,594,$27324,Jane
Kiwi,2014,October,513,$18981,Henry
Kiwi,2014,October,337,$9099,Tom
Kiwi,2014,October,835,$52605,Susan
Lemons,2014,October,588,$21756,Jane
Lemons,2014,October,449,$29634,Henry
Lemons,2014,October,682,$36146,Tom
Lemons,2014,October,170,$6800,Susan
Apple,2014,November,112,$2800,Jane
Apple,2014,November,638,$21054,Henry
Apple,2014,November,493,$12325,Tom
Apple,2014,November,187,$14212,Susan
Apricots,2014,November,595,$23800,Jane
Apricots,2014,November,462,$30492,Henry
Apricots,2014,November,169,$8619,Tom
Apricots,2014,November,204,$11628,Susan
Bananas,2014,November,619,$47663,Jane
Bananas,2014,November,808,$51712,Henry
Bananas,2014,November,278,$10564,Tom
Bananas,2014,November,208,$14976,Susan
Cherries,2014,November,404,$24644,Jane
Cherries,2014,November,950,$55100,Henry
Cherries,2014,November,165,$12540,Tom
Cherries,2014,November,547,$35008,Susan
Figs,2014,November,146,$8176,Jane
Figs,2014,November,157,$7379,Henry
Figs,2014,November,394,$8274,Tom
Figs,2014,November,440,$33880,Susan
Grapefruit,2014,November,173,$13494,Jane
Grapefruit,2014,November,834,$27522,Henry
Grapefruit,2014,November,309,$10197,Tom
Grapefruit,2014,November,720,$55440,Susan
Kiwi,2014,November,514,$32382,Jane
Kiwi,2014,November,226,$7232,Henry
Kiwi,2014,November,217,$9114,Tom
Kiwi,2014,November,806,$32240,Susan
Lemons,2014,November,146,$6570,Jane
Lemons,2014,November,958,$60354,Henry
Lemons,2014,November,537,$15573,Tom
Lemons,2014,November,422,$16036,Susan
Apple,2014,December,491,$21113,Jane
Apple,2014,December,827,$28945,Henry
Apple,2014,December,397,$26599,Tom
Apple,2014,December,630,$28350,Susan
Apricots,2014,December,999,$66933,Jane
Apricots,2014,December,330,$14520,Henry
Apricots,2014,December,579,$12738,Tom
Apricots,2014,December,262,$13100,Susan
Bananas,2014,December,611,$45825,Jane
Bananas,2014,December,274,$8220,Henry
Bananas,2014,December,395,$18170,Tom
Bananas,2014,December,929,$40876,Susan
Cherries,2014,December,867,$27744,Jane
Cherries,2014,December,992,$21824,Henry
Cherries,2014,December,371,$18179,Tom
Cherries,2014,December,301,$6321,Susan
Figs,2014,December,387,$8901,Jane
Figs,2014,December,255,$10965,Henry
Figs,2014,December,171,$10089,Tom
Figs,2014,December,330,$20130,Susan
Grapefruit,2014,December,253,$14421,Jane
Grapefruit,2014,December,511,$37303,Henry
Grapefruit,2014,December,509,$38175,Tom
Grapefruit,2014,December,940,$48880,Susan
Kiwi,2014,December,779,$42066,Jane
Kiwi,2014,December,535,$17120,Henry
Kiwi,2014,December,422,$26164,Tom
Kiwi,2014,December,449,$10327,Susan
Lemons,2014,December,228,$12996,Jane
Lemons,2014,December,337,$25949,Henry
Lemons,2014,December,964,$32776,Tom
Lemons,2014,December,195,$14235,Susan
